PlayerID,ID,position,Season,Week,NFLTeamID,Rushes,RushYards,PassComp,PassAtt,PassYards,Receptions,ReceptYds,PassTD,RecptTD,RushTD,Targets
17037,17037,QB,2026,1,NO,4,8,35,56,410,0,0,3,0,0,0
14371,14371,QB,2026,1,GB,1,0,21,42,387,0,0,2,0,0,0
16807,16807,QB,2026,1,CAR,2,10,23,37,361,0,0,3,0,1,0
12483,12483,QB,2026,1,BUF,6,23,20,29,334,0,0,2,0,2,0
12561,12561,QB,2026,1,BAL,7,40,17,25,324,0,0,1,0,1,0
10919,10919,QB,2026,1,ARI,6,14,27,37,277,0,0,1,0,0,0
16886,16886,QB,2026,1,HOU,2,15,26,38,274,0,0,2,0,0,0
17695,17695,QB,2026,1,CHI,10,65,21,29,269,0,0,2,0,2,0
14442,14442,QB,2026,1,CIN,5,20,25,35,254,0,0,1,0,0,0
15357,15357,QB,2026,1,JAX,2,3,18,23,245,0,0,4,0,0,0
18574,18574,QB,2026,1,NYG,11,54,23,29,230,0,0,3,0,0,0
4307,4307,QB,2026,1,PIT,3,-3,24,40,221,0,0,1,0,0,0
15872,15872,QB,2026,1,MIA,6,39,15,27,220,0,0,0,0,1,0
12619,12619,QB,2026,1,TB,5,30,23,28,216,0,0,0,0,1,0
8743,8743,QB,2026,1,NYJ,6,7,19,24,215,0,0,0,0,0,0
14446,14446,QB,2026,1,LAC,5,29,17,27,209,0,0,1,0,0,0
10729,10729,QB,2026,1,DET,2,2,26,39,206,0,0,2,0,0,0
11712,11712,QB,2026,1,CLE,6,38,16,22,205,0,0,1,0,0,0
15834,15834,QB,2026,1,SF,5,29,25,34,205,0,0,3,0,0,0
14416,14416,QB,2026,1,PHI,7,46,14,25,203,0,0,3,0,0,0
13736,13736,QB,2026,1,SEA,2,13,16,22,187,0,0,1,0,0,0
11839,11839,QB,2026,1,KC,7,23,15,27,184,0,0,2,0,1,0
17673,17673,QB,2026,1,NE,7,47,23,33,178,0,0,1,0,0,0
11008,11008,QB,2026,1,DAL,2,14,22,34,175,0,0,2,0,0,0
13491,13491,QB,2026,1,IND,1,4,19,31,166,0,0,1,0,0,0
17692,17692,QB,2026,1,WAS,5,31,18,34,164,0,0,2,0,0,0
8057,8057,QB,2026,1,LV,5,-6,21,30,160,0,0,3,0,0,0
5971,5971,QB,2026,1,LAR,2,-1,15,25,155,0,0,0,0,0,0
11841,11841,QB,2026,1,ATL,0,0,12,22,143,0,0,1,0,0,0
16997,16997,QB,2026,1,TEN,4,21,19,32,140,0,0,1,0,0,0
10856,10856,QB,2026,1,MIN,5,-1,12,19,133,0,0,3,0,0,0
16995,16995,QB,2026,1,DEN,3,2,17,28,131,0,0,1,0,0,0
13613,13613,QB,2026,1,MIN,2,9,3,5,18,0,0,0,0,0,0
12490,12490,QB,2026,1,SEA,0,0,1,2,13,0,0,0,0,0,0
16871,16871,QB,2026,1,LAR,1,9,2,3,13,0,0,0,0,0,0
15841,15841,QB,2026,1,CAR,1,24,0,1,0,0,0,0,0,0,0
11829,11829,P,2026,1,PIT,0,0,0,1,0,0,0,0,0,0,0
15909,15909,RB,2026,1,KC,23,173,0,0,0,3,18,0,1,1,6
16808,16808,RB,2026,1,DET,29,156,0,0,0,5,30,0,0,2,5
10819,10819,RB,2026,1,BAL,24,144,0,0,0,1,19,0,0,3,1
14394,14394,RB,2026,1,CHI,18,124,0,0,0,1,10,0,0,3,1
18487,18487,RB,2026,1,LV,23,102,0,0,0,6,45,0,2,0,6
15810,15810,RB,2026,1,NYJ,22,102,0,0,0,2,16,0,0,1,2
18520,18520,RB,2026,1,CHI,10,100,0,0,0,2,24,0,0,1,2
14455,14455,RB,2026,1,IND,19,98,0,0,0,3,23,0,0,2,4
16739,16739,RB,2026,1,ATL,21,83,0,0,0,8,90,0,1,0,10
12507,12507,RB,2026,1,PHI,15,83,0,0,0,1,-3,0,0,0,2
18514,18514,RB,2026,1,NYG,18,81,0,0,0,0,0,0,0,1,0
11690,11690,RB,2026,1,SF,10,68,0,0,0,5,20,0,0,0,8
18524,18524,RB,2026,1,JAX,15,66,0,0,0,1,22,0,0,0,1
19607,19607,RB,2026,1,SF,14,65,0,0,0,1,5,0,0,0,1
18811,18811,RB,2026,1,WAS,16,63,0,0,0,1,-7,0,0,1,1
15976,15976,RB,2026,1,ARI,17,61,0,0,0,2,9,0,0,0,2
13556,13556,RB,2026,1,HOU,20,60,0,0,0,3,19,0,1,2,3
16163,16163,RB,2026,1,MIN,15,59,0,0,0,0,0,0,0,1,0
15876,15876,RB,2026,1,BUF,13,57,0,0,0,3,12,0,0,0,4
16934,16934,RB,2026,1,CIN,16,56,0,0,0,5,22,0,0,1,6
17690,17690,RB,2026,1,LAR,10,54,0,0,0,0,0,0,0,0,0
19299,19299,RB,2026,1,SEA,10,52,0,0,0,2,6,0,0,0,2
15372,15372,RB,2026,1,NE,18,51,0,0,0,5,44,0,0,0,6
15242,15242,RB,2026,1,CAR,10,49,0,0,0,3,38,0,1,1,3
15385,15385,RB,2026,1,NO,9,46,0,0,0,7,32,0,0,0,9
15984,15984,RB,2026,1,PIT,10,46,0,0,0,5,27,0,0,0,6
17784,17784,RB,2026,1,TB,8,45,0,0,0,7,48,0,0,1,7
18445,18445,RB,2026,1,LAC,12,43,0,0,0,0,0,0,0,1,0
18449,18449,RB,2026,1,HOU,9,42,0,0,0,1,-2,0,0,0,1
15807,15807,RB,2026,1,LAR,11,41,0,0,0,3,24,0,0,1,3
19235,19235,RB,2026,1,ARI,11,41,0,0,0,2,9,0,0,1,4
15306,15306,RB,2026,1,DAL,12,41,0,0,0,5,31,0,1,1,5
19300,19300,RB,2026,1,LV,7,41,0,0,0,0,0,0,0,0,0
11763,11763,RB,2026,1,MIN,12,40,0,0,0,0,0,0,0,1,1
17702,17702,RB,2026,1,NYJ,10,40,0,0,0,0,0,0,0,0,1
17795,17795,RB,2026,1,GB,13,37,0,0,0,0,0,0,0,0,1
16661,16661,RB,2026,1,MIA,11,36,0,0,0,4,30,0,0,0,5
14418,14418,RB,2026,1,DEN,8,36,0,0,0,0,0,0,0,0,0
13590,13590,RB,2026,1,TEN,7,35,0,0,0,1,-1,0,0,0,2
18516,18516,RB,2026,1,CLE,12,33,0,0,0,2,17,0,0,0,2
10126,10126,RB,2026,1,JAX,4,32,0,0,0,1,0,0,0,0,1
15907,15907,RB,2026,1,ATL,9,31,0,0,0,0,0,0,0,0,0
16898,16898,RB,2026,1,NO,9,30,0,0,0,0,0,0,0,1,0
17968,17968,RB,2026,1,SEA,8,29,0,0,0,0,0,0,0,0,1
16741,16741,RB,2026,1,GB,7,29,0,0,0,0,0,0,0,0,1
14370,14370,RB,2026,1,CAR,5,28,0,0,0,0,0,0,0,0,0
19240,19240,RB,2026,1,KC,8,24,0,0,0,2,44,0,0,0,2
16933,16933,RB,2026,1,JAX,6,23,0,0,0,0,0,0,0,0,0
15802,15802,RB,2026,1,WAS,7,22,0,0,0,2,5,0,0,0,2
11698,11698,RB,2026,1,CIN,5,20,0,0,0,3,30,0,0,0,3
16108,16108,RB,2026,1,LAR,5,19,0,0,0,1,5,0,0,0,1
18522,18522,RB,2026,1,DEN,3,18,0,0,0,4,23,0,0,0,4
13427,13427,RB,2026,1,BAL,6,18,0,0,0,1,10,0,0,0,1
18533,18533,RB,2026,1,WAS,4,16,0,0,0,0,0,0,0,0,0
13449,13449,RB,2026,1,NYG,6,16,0,0,0,4,22,0,1,0,4
14657,14657,RB,2026,1,PIT,8,15,0,0,0,2,6,0,0,0,5
15222,15222,RB,2026,1,TB,5,15,0,0,0,1,3,0,0,0,1
19242,19242,WR,2026,1,CLE,3,15,0,0,0,4,43,0,0,0,5
17747,17747,RB,2026,1,CAR,4,14,0,0,0,1,48,0,0,0,2
17967,17967,RB,2026,1,NYG,2,14,0,0,0,0,0,0,0,0,0
13429,13429,WR,2026,1,SF,1,12,0,0,0,6,48,0,1,0,7
16941,16941,RB,2026,1,TEN,3,12,0,0,0,2,12,0,0,0,4
18532,18532,RB,2026,1,NE,6,11,0,0,0,0,0,0,0,0,0
19247,19247,WR,2026,1,CIN,1,10,0,0,0,1,18,0,0,0,1
16810,16810,RB,2026,1,LAC,4,9,0,0,0,0,0,0,0,0,0
15200,15200,WR,2026,1,HOU,1,7,0,0,0,7,75,0,1,0,10
17760,17760,RB,2026,1,DET,2,7,0,0,0,1,11,0,0,0,1
17000,17000,FB,2026,1,DAL,1,7,0,0,0,0,0,0,0,0,0
17091,17091,RB,2026,1,DAL,2,7,0,0,0,0,0,0,0,0,0
15868,15868,WR,2026,1,ATL,1,6,0,0,0,2,29,0,0,0,4
17719,17719,WR,2026,1,DEN,1,5,0,0,0,0,0,0,0,0,1
17802,17802,RB,2026,1,PHI,2,4,0,0,0,1,8,0,0,0,1
19431,19431,RB,2026,1,NO,2,4,0,0,0,1,-2,0,0,0,2
19336,19336,WR,2026,1,NO,1,3,0,0,0,0,0,0,0,0,0
16705,16705,RB,2026,1,PHI,1,3,0,0,0,0,0,0,0,0,0
19279,19279,TE,2026,1,NYJ,1,3,0,0,0,3,21,0,0,1,3
17593,17593,RB,2026,1,SEA,2,3,0,0,0,0,0,0,0,0,0
11718,11718,WR,2026,1,TB,1,3,0,0,0,4,40,0,0,0,4
18578,18578,WR,2026,1,JAX,1,3,0,0,0,1,8,0,0,0,1
17792,17792,RB,2026,1,BUF,1,3,0,0,0,0,0,0,0,0,0
17853,17853,RB,2026,1,BUF,1,3,0,0,0,0,0,0,0,0,0
18548,18548,WR,2026,1,CHI,1,2,0,0,0,5,63,0,0,0,5
13517,13517,WR,2026,1,JAX,1,2,0,0,0,2,40,0,1,0,2
18526,18526,RB,2026,1,CLE,1,1,0,0,0,3,25,0,0,0,3
15916,15916,FB,2026,1,LV,1,1,0,0,0,0,0,0,0,0,0
14411,14411,WR,2026,1,DAL,1,0,0,0,0,5,44,0,1,0,8
17800,17800,RB,2026,1,MIA,1,-1,0,0,0,0,0,0,0,0,0
12511,12511,QB,2026,1,JAX,3,-3,0,0,0,0,0,0,0,0,0
18484,18484,WR,2026,1,TB,1,-4,0,0,0,0,0,0,0,0,1
19432,19432,WR,2026,1,LV,1,-8,0,0,0,1,6,0,0,0,2
15895,15895,WR,2026,1,NO,0,0,0,0,0,10,182,0,0,0,13
16919,16919,WR,2026,1,BAL,0,0,0,0,0,5,150,0,1,0,6
15946,15946,WR,2026,1,GB,0,0,0,0,0,6,147,0,2,0,8
17976,17976,WR,2026,1,CAR,0,0,0,0,0,8,138,0,2,0,9
16697,16697,TE,2026,1,BUF,0,0,0,0,0,5,130,0,0,0,6
16654,16654,WR,2026,1,SEA,0,0,0,0,0,8,122,0,1,0,11
12477,12477,WR,2026,1,BUF,0,0,0,0,0,5,100,0,1,0,8
15902,15902,TE,2026,1,ARI,0,0,0,0,0,9,95,0,1,0,13
18500,18500,WR,2026,1,GB,0,0,0,0,0,6,95,0,0,0,12
19343,19343,WR,2026,1,MIA,0,0,0,0,0,5,94,0,0,0,7
14509,14509,WR,2026,1,MIN,0,0,0,0,0,8,92,0,2,0,9
11429,11429,WR,2026,1,CHI,0,0,0,0,0,8,84,0,0,0,9
16690,16690,WR,2026,1,JAX,0,0,0,0,0,5,83,0,1,0,6
17724,17724,WR,2026,1,LAC,0,0,0,0,0,5,82,0,1,0,7
15829,15829,WR,2026,1,NYJ,0,0,0,0,0,6,79,0,0,0,7
16033,16033,TE,2026,1,NYG,0,0,0,0,0,8,78,0,2,0,8
12764,12764,TE,2026,1,CIN,0,0,0,0,0,5,78,0,1,0,7
12860,12860,TE,2026,1,PHI,0,0,0,0,0,4,77,0,2,0,5
11847,11847,WR,2026,1,ARI,0,0,0,0,0,8,75,0,0,0,8
18547,18547,WR,2026,1,CAR,0,0,0,0,0,5,75,0,0,0,8
16790,16790,WR,2026,1,LAR,0,0,0,0,0,5,74,0,0,0,9
16658,16658,WR,2026,1,PHI,0,0,0,0,0,2,73,0,1,0,4
8783,8783,TE,2026,1,KC,0,0,0,0,0,3,71,0,0,0,5
17975,17975,WR,2026,1,NO,0,0,0,0,0,7,69,0,1,0,9
17704,17704,WR,2026,1,NYG,0,0,0,0,0,6,69,0,0,0,9
15332,15332,WR,2026,1,DET,0,0,0,0,0,10,67,0,2,0,14
16649,16649,TE,2026,1,GB,0,0,0,0,0,3,65,0,0,0,6
19237,19237,WR,2026,1,WAS,0,0,0,0,0,4,64,0,1,0,4
18549,18549,WR,2026,1,TB,0,0,0,0,0,5,63,0,0,0,6
16022,16022,WR,2026,1,IND,0,0,0,0,0,4,61,0,0,0,6
17668,17668,WR,2026,1,NYJ,0,0,0,0,0,3,60,0,0,0,3
14506,14506,WR,2026,1,CIN,0,0,0,0,0,3,59,0,0,0,6
19298,19298,WR,2026,1,CLE,0,0,0,0,0,2,59,0,1,0,4
11734,11734,TE,2026,1,LAC,0,0,0,0,0,5,58,0,0,0,5
14378,14378,WR,2026,1,PIT,0,0,0,0,0,3,58,0,0,0,3
16957,16957,WR,2026,1,ARI,0,0,0,0,0,5,56,0,0,0,7
10133,10133,WR,2026,1,WAS,0,0,0,0,0,4,55,0,1,0,9
14630,14630,TE,2026,1,NO,0,0,0,0,0,3,54,0,1,0,7
17863,17863,WR,2026,1,MIA,0,0,0,0,0,3,53,0,0,0,8
15406,15406,WR,2026,1,PHI,0,0,0,0,0,3,53,0,0,0,6
10994,10994,WR,2026,1,BAL,0,0,0,0,0,1,53,0,0,0,2
18555,18555,WR,2026,1,HOU,0,0,0,0,0,2,53,0,0,0,2
17020,17020,WR,2026,1,CHI,0,0,0,0,0,2,52,0,0,0,3
11861,11861,WR,2026,1,NE,0,0,0,0,0,4,51,0,0,0,5
11163,11163,WR,2026,1,SF,0,0,0,0,0,2,50,0,1,0,3
15892,15892,WR,2026,1,BUF,0,0,0,0,0,4,50,0,0,0,6
11807,11807,TE,2026,1,GB,0,0,0,0,0,2,50,0,0,0,3
12559,12559,TE,2026,1,BAL,0,0,0,0,0,4,49,0,0,0,6
9253,9253,WR,2026,1,SF,0,0,0,0,0,6,49,0,1,0,7
17033,17033,TE,2026,1,DET,0,0,0,0,0,5,48,0,0,0,8
15267,15267,TE,2026,1,PIT,0,0,0,0,0,5,46,0,1,0,5
15849,15849,WR,2026,1,DET,0,0,0,0,0,4,45,0,0,0,9
11805,11805,TE,2026,1,DEN,0,0,0,0,0,4,43,0,1,0,5
18562,18562,WR,2026,1,DEN,0,0,0,0,0,4,42,0,0,0,6
19319,19319,WR,2026,1,NO,0,0,0,0,0,3,42,0,0,0,4
13424,13424,WR,2026,1,PIT,0,0,0,0,0,4,40,0,0,0,10
17716,17716,WR,2026,1,JAX,0,0,0,0,0,3,40,0,0,0,3
19268,19268,WR,2026,1,TEN,0,0,0,0,0,4,38,0,0,0,6
15838,15838,WR,2026,1,TEN,0,0,0,0,0,5,38,0,0,0,6
16689,16689,WR,2026,1,IND,0,0,0,0,0,2,37,0,0,0,4
19320,19320,WR,2026,1,TB,0,0,0,0,0,3,36,0,0,0,3
13610,13610,TE,2026,1,MIN,0,0,0,0,0,4,36,0,1,0,5
11863,11863,WR,2026,1,SEA,0,0,0,0,0,2,35,0,0,0,3
12514,12514,TE,2026,1,HOU,0,0,0,0,0,4,35,0,0,0,8
14436,14436,TE,2026,1,CHI,0,0,0,0,0,2,35,0,1,0,3
15447,15447,WR,2026,1,BUF,0,0,0,0,0,1,34,0,1,0,2
17674,17674,WR,2026,1,ARI,0,0,0,0,0,1,33,0,0,0,3
13426,13426,TE,2026,1,NO,0,0,0,0,0,4,33,0,1,0,8
16666,16666,TE,2026,1,LV,0,0,0,0,0,6,32,0,0,0,7
16932,16932,WR,2026,1,HOU,0,0,0,0,0,3,32,0,0,0,6
8627,8627,WR,2026,1,IND,0,0,0,0,0,6,32,0,0,0,6
18481,18481,TE,2026,1,LAC,0,0,0,0,0,2,32,0,0,0,2
19314,19314,WR,2026,1,NYJ,0,0,0,0,0,1,30,0,0,0,1
10215,10215,TE,2026,1,CAR,0,0,0,0,0,2,28,0,0,0,2
15853,15853,WR,2026,1,DAL,0,0,0,0,0,3,28,0,0,0,6
18503,18503,TE,2026,1,TEN,0,0,0,0,0,4,28,0,0,0,5
14510,14510,WR,2026,1,NYG,0,0,0,0,0,2,27,0,0,0,2
16694,16694,WR,2026,1,LV,0,0,0,0,0,2,27,0,0,0,4
16025,16025,WR,2026,1,LV,0,0,0,0,0,3,27,0,0,0,5
13432,13432,WR,2026,1,NE,0,0,0,0,0,3,26,0,0,0,4
10735,10735,TE,2026,1,NE,0,0,0,0,0,3,26,0,0,0,3
16032,16032,TE,2026,1,TB,0,0,0,0,0,3,26,0,0,0,5
17043,17043,WR,2026,1,PIT,0,0,0,0,0,3,26,0,0,0,6
14458,14458,WR,2026,1,CLE,0,0,0,0,0,2,26,0,0,0,4
9455,9455,WR,2026,1,LAR,0,0,0,0,0,3,26,0,0,0,6
15371,15371,TE,2026,1,CAR,0,0,0,0,0,3,25,0,0,0,5
19309,19309,WR,2026,1,MIA,0,0,0,0,0,1,25,0,0,0,2
19313,19313,WR,2026,1,NYG,0,0,0,0,0,2,25,0,0,0,4
17017,17017,TE,2026,1,JAX,0,0,0,0,0,2,23,0,1,0,3
18457,18457,WR,2026,1,LV,0,0,0,0,0,3,23,0,1,0,4
13786,13786,TE,2026,1,MIN,0,0,0,0,0,2,22,0,0,0,4
17974,17974,WR,2026,1,DAL,0,0,0,0,0,2,22,0,0,0,4
18472,18472,TE,2026,1,CLE,0,0,0,0,0,2,21,0,0,0,3
16795,16795,WR,2026,1,HOU,0,0,0,0,0,1,21,0,0,0,2
16751,16751,WR,2026,1,NE,0,0,0,0,0,5,20,0,0,0,7
17235,17235,FB,2026,1,SEA,0,0,0,0,0,2,20,0,0,0,2
16977,16977,WR,2026,1,GB,0,0,0,0,0,3,20,0,0,0,7
19321,19321,WR,2026,1,JAX,0,0,0,0,0,2,20,0,1,0,2
18478,18478,WR,2026,1,LAC,0,0,0,0,0,3,20,0,0,0,6
16963,16963,WR,2026,1,KC,0,0,0,0,0,2,19,0,1,0,2
13809,13809,TE,2026,1,CIN,0,0,0,0,0,3,19,0,0,0,3
15850,15850,WR,2026,1,ATL,0,0,0,0,0,1,19,0,0,0,3
15566,15566,TE,2026,1,SF,0,0,0,0,0,2,19,0,0,0,2
15891,15891,TE,2026,1,MIA,0,0,0,0,0,2,18,0,0,0,2
16889,16889,TE,2026,1,PIT,0,0,0,0,0,2,18,0,0,0,2
17687,17687,WR,2026,1,KC,0,0,0,0,0,3,18,0,0,0,6
16899,16899,WR,2026,1,LAC,0,0,0,0,0,2,17,0,0,0,6
19352,19352,TE,2026,1,HOU,0,0,0,0,0,1,16,0,0,0,1
16042,16042,TE,2026,1,WAS,0,0,0,0,0,2,16,0,0,0,3
13822,13822,TE,2026,1,HOU,0,0,0,0,0,2,15,0,0,0,2
18567,18567,WR,2026,1,BAL,0,0,0,0,0,2,15,0,0,0,2
17130,17130,TE,2026,1,CLE,0,0,0,0,0,1,14,0,0,0,1
17908,17908,TE,2026,1,DAL,0,0,0,0,0,2,14,0,0,0,2
13536,13536,WR,2026,1,WAS,0,0,0,0,0,2,14,0,0,0,4
15289,15289,TE,2026,1,WAS,0,0,0,0,0,2,13,0,0,0,3
17811,17811,TE,2026,1,SEA,0,0,0,0,0,2,13,0,0,0,2
17030,17030,TE,2026,1,LAR,0,0,0,0,0,1,13,0,0,0,1
18534,18534,TE,2026,1,IND,0,0,0,0,0,3,13,0,1,0,5
19364,19364,TE,2026,1,BAL,0,0,0,0,0,1,13,0,0,0,1
16855,16855,TE,2026,1,DAL,0,0,0,0,0,1,12,0,0,0,1
16965,16965,WR,2026,1,CIN,0,0,0,0,0,2,12,0,0,0,3
15183,15183,WR,2026,1,CIN,0,0,0,0,0,2,12,0,0,0,4
10854,10854,TE,2026,1,LAR,0,0,0,0,0,2,12,0,0,0,2
16847,16847,WR,2026,1,HOU,0,0,0,0,0,1,12,0,0,0,1
11892,11892,TE,2026,1,SF,0,0,0,0,0,2,12,0,0,0,5
18552,18552,WR,2026,1,TEN,0,0,0,0,0,1,11,0,1,0,3
12586,12586,WR,2026,1,DEN,0,0,0,0,0,2,11,0,0,0,5
19230,19230,WR,2026,1,BAL,0,0,0,0,0,1,11,0,0,0,3
16937,16937,WR,2026,1,DAL,0,0,0,0,0,1,10,0,0,0,1
15935,15935,WR,2026,1,GB,0,0,0,0,0,1,10,0,0,0,1
14541,14541,TE,2026,1,DEN,0,0,0,0,0,2,10,0,0,0,3
18542,18542,TE,2026,1,KC,0,0,0,0,0,1,9,0,0,0,1
19448,19448,TE,2026,1,JAX,0,0,0,0,0,1,9,0,0,0,1
18545,18545,TE,2026,1,CAR,0,0,0,0,0,1,9,0,0,0,2
18886,18886,RB,2026,1,NE,0,0,0,0,0,2,9,0,0,0,2
17021,17021,TE,2026,1,NYG,0,0,0,0,0,1,9,0,0,0,1
17688,17688,WR,2026,1,LAR,0,0,0,0,0,1,8,0,0,0,1
13894,13894,WR,2026,1,DAL,0,0,0,0,0,1,8,0,0,0,1
13466,13466,TE,2026,1,BUF,0,0,0,0,0,1,7,0,0,0,1
17977,17977,WR,2026,1,NYJ,0,0,0,0,0,1,7,0,0,0,1
18641,18641,WR,2026,1,TEN,0,0,0,0,0,1,7,0,0,0,1
16036,16036,TE,2026,1,TEN,0,0,0,0,0,1,7,0,0,0,1
15947,15947,TE,2026,1,DAL,0,0,0,0,0,2,6,0,0,0,2
14463,14463,TE,2026,1,LAR,0,0,0,0,0,1,6,0,0,0,2
15459,15459,TE,2026,1,KC,0,0,0,0,0,1,5,0,0,0,1
15681,15681,TE,2026,1,DET,0,0,0,0,0,1,5,0,0,0,1
13833,13833,WR,2026,1,ATL,0,0,0,0,0,1,5,0,0,0,1
18643,18643,WR,2026,1,WAS,0,0,0,0,0,1,4,0,0,0,1
16560,16560,WR,2026,1,SEA,0,0,0,0,0,1,4,0,0,0,3
15996,15996,TE,2026,1,NYJ,0,0,0,0,0,1,4,0,0,0,1
12807,12807,TE,2026,1,BAL,0,0,0,0,0,1,4,0,0,0,1
13286,13286,TE,2026,1,CIN,0,0,0,0,0,1,4,0,0,0,1
10918,10918,C,2026,1,SF,0,0,0,0,0,1,2,0,0,0,1
19348,19348,TE,2026,1,NE,0,0,0,0,0,1,2,0,1,0,1
15404,15404,WR,2026,1,DEN,0,0,0,0,0,1,2,0,0,0,3
18938,18938,WR,2026,1,CHI,0,0,0,0,0,1,1,0,1,0,1
17732,17732,WR,2026,1,BUF,0,0,0,0,0,1,1,0,0,0,1
14410,14410,RB,2026,1,MIN,0,0,0,0,0,1,1,0,0,0,1
14376,14376,WR,2026,1,MIN,0,0,0,0,0,0,0,0,0,0,1
16895,16895,WR,2026,1,MIN,0,0,0,0,0,0,0,0,0,0,2
16027,16027,WR,2026,1,NE,0,0,0,0,0,0,0,0,0,0,3
17081,17081,WR,2026,1,LAR,0,0,0,0,0,0,0,0,0,0,1
18497,18497,TE,2026,1,LAR,0,0,0,0,0,0,0,0,0,0,1
14495,14495,WR,2026,1,LV,0,0,0,0,0,0,0,0,0,0,1
19322,19322,WR,2026,1,MIA,0,0,0,0,0,0,0,0,0,0,2
19450,19450,TE,2026,1,MIA,0,0,0,0,0,0,0,0,0,0,1
12298,12298,FB,2026,1,NYG,0,0,0,0,0,0,0,0,0,0,1
18646,18646,WR,2026,1,NYJ,0,0,0,0,0,0,0,0,0,0,1
15274,15274,WR,2026,1,WAS,0,0,0,0,0,0,0,0,0,0,2
18569,18569,WR,2026,1,CAR,0,0,0,0,0,0,0,0,0,0,1
17734,17734,WR,2026,1,CAR,0,0,0,0,0,0,0,0,0,0,2
15210,15210,WR,2026,1,BAL,0,0,0,0,0,0,0,0,0,0,1
15265,15265,TE,2026,1,ATL,0,0,0,0,0,0,0,0,0,0,1
18460,18460,TE,2026,1,CHI,0,0,0,0,0,0,0,0,0,0,2
18642,18642,WR,2026,1,DET,0,0,0,0,0,0,0,0,0,0,1
16005,16005,WR,2026,1,GB,0,0,0,0,0,0,0,0,0,0,1
15831,15831,WR,2026,1,KC,0,0,0,0,0,0,0,0,0,0,1
19631,19631,WR,2026,1,KC,0,0,0,0,0,0,0,0,0,0,1
16939,16939,WR,2026,1,LAC,0,0,0,0,0,0,0,0,0,0,1
15460,15460,TE,2026,1,JAX,0,0,0,0,0,0,0,0,0,0,1
19303,19303,RB,2026,1,IND,0,0,0,0,0,1,0,0,0,0,1
10739,10739,WR,2026,1,IND,0,0,0,0,0,0,0,0,0,0,1
13854,13854,WR,2026,1,IND,0,0,0,0,0,0,0,0,0,0,1
16277,16277,TE,2026,1,IND,0,0,0,0,0,0,0,0,0,0,1
18535,18535,TE,2026,1,NYJ,0,0,0,0,0,2,-2,0,0,0,3
17794,17794,TE,2026,1,HOU,0,0,0,0,0,1,-2,0,0,0,1
19231,19231,WR,2026,1,PHI,0,0,0,0,0,3,-5,0,0,0,4
