PlayerID,Name,Team,Pos
4307,Aaron Rodgers,PIT,QB
5648,Joe Flacco,CIN,QB
5653,Josh Johnson,CIN,QB
5971,Matthew Stafford,LAR,QB
7355,Andy Dalton,PHI,QB
7357,Tyrod Taylor,GB,QB
8057,Kirk Cousins,LV,QB
8627,Keenan Allen,IND,WR
8743,Geno Smith,NYJ,QB
8783,Travis Kelce,KC,TE
8986,Adam Thielen,MIN,WR
9245,Teddy Bridgewater,DET,QB
9253,Mike Evans,SF,WR
9255,Odell Beckham,NYG,WR
9317,Derek Carr,NO,QB
9455,Davante Adams,LAR,WR
10033,Chris Manhertz,NYG,TE
10037,Jameis Winston,NYG,QB
10074,Marcus Mariota,WAS,QB
10126,Ameer Abdullah,JAX,RB
10133,Stefon Diggs,WAS,WR
10215,Darren Waller,CAR,TE
10729,Jared Goff,DET,QB
10735,Hunter Henry,NE,TE
10739,Laquon Treadwell,IND,WR
10748,Austin Hooper,ATL,TE
10819,Derrick Henry,BAL,RB
10854,Tyler Higbee,LAR,TE
10856,Carson Wentz,MIN,QB
10919,Jacoby Brissett,ARI,QB
10994,Chris Moore,BAL,WR
11008,Dak Prescott,DAL,QB
11163,Demarcus Robinson,SF,WR
11429,Kalif Raymond,CHI,WR
11690,Christian McCaffrey,SF,RB
11691,James Conner,ARI,RB
11698,Samaje Perine,CIN,RB
11709,Mitchell Trubisky,TEN,QB
11712,Deshaun Watson,CLE,QB
11718,Chris Godwin,TB,WR
11732,Alvin Kamara,NO,RB
11734,David Njoku,LAC,TE
11763,Aaron Jones,MIN,RB
11767,Jeremy McNichols,WAS,RB
11805,Evan Engram,DEN,TE
11807,Jonnu Smith,GB,TE
11834,Joshua Dobbs,DET,QB
11839,Patrick Mahomes,KC,QB
11841,Cooper Rush,ATL,QB
11847,Kendrick Bourne,ARI,WR
11861,Mack Hollins,NE,WR
11863,Cooper Kupp,SEA,WR
11892,George Kittle,SF,TE
11897,Eric Saubert,SEA,TE
12061,Tim Patrick,NYJ,WR
12196,Mo Alie-Cox,IND,TE
12316,Johnny Mundt,PHI,TE
12389,Robert Tonyan,PIT,TE
12477,DJ Moore,BUF,WR
12483,Josh Allen,BUF,QB
12490,Sam Darnold,SEA,QB
12507,Saquon Barkley,PHI,RB
12508,Christian Kirk,SF,WR
12511,Nick Mullens,JAX,QB
12514,Dalton Schultz,HOU,TE
12559,Mark Andrews,BAL,TE
12561,Lamar Jackson,BAL,QB
12586,Courtland Sutton,DEN,WR
12616,Calvin Ridley,TEN,WR
12619,Baker Mayfield,TB,QB
12623,Kyle Allen,BUF,QB
12629,Mason Rudolph,PIT,QB
12764,Mike Gesicki,CIN,TE
12771,Braxton Berrios,NYG,WR
12807,Durham Smythe,BAL,TE
12809,Tyler Conklin,DET,TE
12858,Ian Thomas,LV,TE
12860,Dallas Goedert,PHI,TE
13424,DK Metcalf,PIT,WR
13426,Noah Fant,NO,TE
13427,Justice Hill,BAL,RB
13429,Deebo Samuel,SF,WR
13432,A.J. Brown,NE,WR
13438,Jarrett Stidham,DEN,QB
13449,Devin Singletary,NYG,RB
13466,Dawson Knox,BUF,TE
13484,Travis Homer,PIT,RB
13491,Daniel Jones,IND,QB
13502,Hollywood Brown,PHI,WR
13517,Jakobi Meyers,JAX,WR
13522,Darius Slayton,IND,WR
13525,Parris Campbell,DAL,WR
13536,Terry McLaurin,WAS,WR
13556,David Montgomery,HOU,RB
13565,Lil'Jordan Humphrey,DEN,WR
13582,Josh Jacobs,GB,RB
13587,Ty Johnson,BUF,RB
13590,Tony Pollard,TEN,RB
13610,T.J. Hockenson,MIN,TE
13613,Kyler Murray,MIN,QB
13634,David Sills,TB,WR
13736,Drew Lock,SEA,QB
13741,Gardner Minshew,ARI,QB
13786,Josh Oliver,MIN,TE
13809,Drew Sample,CIN,TE
13822,Foster Moreau,HOU,TE
13833,Olamide Zaccheaus,ATL,WR
13854,Ashton Dulin,IND,WR
13894,KaVontae Turpin,DAL,WR
14246,Tom Kennedy,DET,WR
14318,Gunner Olszewski,NYG,WR
14370,AJ Dillon,CAR,RB
14371,Jordan Love,GB,QB
14376,Jauan Jennings,MIN,WR
14378,Michael Pittman,PIT,WR
14386,Brandon Aiyuk,SF,WR
14394,D'Andre Swift,CHI,RB
14410,DeeJay Dallas,MIN,RB
14411,CeeDee Lamb,DAL,WR
14416,Jalen Hurts,PHI,QB
14418,J.K. Dobbins,DEN,RB
14436,Cole Kmet,CHI,TE
14442,Joe Burrow,CIN,QB
14446,Justin Herbert,LAC,QB
14455,Jonathan Taylor,IND,RB
14458,Jerry Jeudy,CLE,WR
14463,Colby Parkinson,LAR,TE
14465,Tua Tagovailoa,ATL,QB
14495,Cody White,LV,WR
14506,Tee Higgins,CIN,WR
14509,Justin Jefferson,MIN,WR
14510,Darnell Mooney,NYG,WR
14541,Adam Trautman,DEN,TE
14563,Tyler Huntley,BAL,QB
14608,Charlie Woerner,ATL,TE
14630,Juwan Johnson,NO,TE
14636,Devin Duvernay,ARI,WR
14657,Rico Dowdle,PIT,RB
15183,Ja'Marr Chase,CIN,WR
15198,Trey Lance,LAC,QB
15200,Nico Collins,HOU,WR
15210,Rashod Bateman,BAL,WR
15222,Kenny Gainwell,TB,RB
15229,Tutu Atwell,LAR,WR
15242,Chuba Hubbard,CAR,RB
15245,Kylen Granson,TEN,TE
15265,Kyle Pitts,ATL,TE
15267,Pat Freiermuth,PIT,TE
15274,Dyami Brown,WAS,WR
15280,Elijah Moore,PHI,WR
15289,John Bates,WAS,TE
15306,Javonte Williams,DAL,RB
15310,Tylan Wallace,CLE,WR
15324,Feleipe Franks,CAR,TE
15330,Zach Wilson,NO,QB
15332,Amon-Ra St. Brown,DET,WR
15357,Trevor Lawrence,JAX,QB
15369,Brevin Jordan,HOU,TE
15371,Tommy Tremble,CAR,TE
15372,Rhamondre Stevenson,NE,RB
15385,Travis Etienne,NO,RB
15402,Mac Jones,SF,QB
15404,Jaylen Waddle,DEN,WR
15406,DeVonta Smith,PHI,WR
15416,Justin Fields,KC,QB
15447,Joshua Palmer,BUF,WR
15459,Noah Gray,KC,TE
15460,Quintin Morris,JAX,TE
15467,Ben Skowronek,PIT,WR
15468,Najee Harris,NYG,RB
15542,Davis Mills,HOU,QB
15566,Luke Farrell,SF,TE
15579,Kene Nwangwu,NYJ,RB
15681,Brock Wright,DET,TE
15802,Rachaad White,WAS,RB
15807,Kyren Williams,LAR,RB
15810,Breece Hall,NYJ,RB
15821,Jelani Woods,NYJ,TE
15825,Sam Howell,DAL,QB
15828,Malik Davis,DAL,RB
15829,Garrett Wilson,NYJ,WR
15831,Tyquan Thornton,KC,WR
15834,Brock Purdy,SF,QB
15838,Wan'Dale Robinson,TEN,WR
15841,Kenny Pickett,CAR,QB
15849,Jameson Williams,DET,WR
15850,Jahan Dotson,ATL,WR
15853,George Pickens,DAL,WR
15868,Drake London,ATL,WR
15872,Malik Willis,MIA,QB
15874,Calvin Austin,NYG,WR
15876,James Cook,BUF,RB
15891,Greg Dulcich,MIA,TE
15892,Khalil Shakir,BUF,WR
15893,Tyler Badie,DEN,RB
15895,Chris Olave,NO,WR
15896,Treylon Burks,WAS,WR
15902,Trey McBride,ARI,TE
15907,Brian Robinson,ATL,RB
15909,Kenneth Walker,KC,RB
15918,Tay Martin,DET,WR
15921,Julius Chestnut,TEN,RB
15922,Dareke Young,LV,WR
15924,Charlie Kolar,LAC,TE
15935,Bo Melton,GB,WR
15946,Christian Watson,GB,WR
15947,Jake Ferguson,DAL,TE
15974,Skylar Thompson,BAL,QB
15976,Tyler Allgeier,ARI,RB
15979,Ty Chandler,NO,RB
15984,Jaylen Warren,PIT,RB
15990,Tyler Goodson,DAL,RB
15996,Jeremy Ruckert,NYJ,TE
16005,Skyy Moore,GB,WR
16010,Jalen Tolbert,MIA,WR
16022,Alec Pierce,IND,WR
16025,Jalen Nailor,LV,WR
16026,Kevin Austin,NO,WR
16027,Romeo Doubs,NE,WR
16032,Cade Otton,TB,TE
16033,Isaiah Likely,NYG,TE
16036,Daniel Bellinger,TEN,TE
16039,Grant Calcaterra,PHI,TE
16042,Chig Okonkwo,WAS,TE
16069,John Metchie,CAR,WR
16104,Isiah Pacheco,DET,RB
16108,Ronnie Rivers,LAR,RB
16163,Jordan Mason,MIN,RB
16277,Drew Ogletree,IND,TE
16282,Ko Kieft,TB,TE
16337,Britain Covey,PHI,WR
16418,Jake Tonges,SF,TE
16560,Rashid Shaheed,SEA,WR
16649,Tucker Kraft,GB,TE
16653,Anthony Richardson,IND,QB
16654,Jaxon Smith-Njigba,SEA,WR
16658,Dontayvion Wicks,PHI,WR
16661,De'Von Achane,MIA,RB
16663,Luke Musgrave,GB,TE
16666,Michael Mayer,LV,TE
16686,Tanner McKee,PHI,QB
16689,Josh Downs,IND,WR
16690,Parker Washington,JAX,WR
16694,Tre Tucker,LV,WR
16697,Dalton Kincaid,BUF,TE
16705,Tank Bigsby,PHI,RB
16716,Aidan O'Connell,LV,QB
16720,Payne Durham,TB,TE
16728,Sean Tucker,TB,RB
16735,Israel Abanikanda,DAL,RB
16739,Bijan Robinson,ATL,RB
16741,Chris Brooks,GB,RB
16744,Nikko Remigio,KC,WR
16751,DeMario Douglas,NE,WR
16772,Roschon Johnson,CHI,RB
16790,Puka Nacua,LAR,WR
16795,Kayshon Boutte,HOU,WR
16797,Tommy DeVito,NE,QB
16807,Bryce Young,CAR,QB
16808,Jahmyr Gibbs,DET,RB
16810,Keaton Mitchell,LAC,RB
16847,Jared Wayne,HOU,WR
16849,Marvin Mims,DEN,WR
16855,Luke Schoonmaker,DAL,TE
16866,Josh Whyle,GB,TE
16871,Stetson Bennett,LAR,QB
16886,C.J. Stroud,HOU,QB
16889,Darnell Washington,PIT,TE
16895,Jordan Addison,MIN,WR
16897,Zach Charbonnet,SEA,RB
16898,Kendre Miller,NO,RB
16899,Quentin Johnston,LAC,WR
16919,Zay Flowers,BAL,WR
16931,Cameron Latu,NE,TE
16932,Xavier Hutchinson,HOU,WR
16933,Chris Rodriguez,JAX,RB
16934,Chase Brown,CIN,RB
16935,Tank Dell,HOU,WR
16937,Jonathan Mingo,DAL,WR
16939,Derius Davis,LAC,WR
16941,Tyjae Spears,TEN,RB
16946,Tyson Bagent,CHI,QB
16957,Michael Wilson,ARI,WR
16959,Elijah Higgins,ARI,TE
16963,Rashee Rice,KC,WR
16965,Andrei Iosivas,CIN,WR
16977,Jayden Reed,GB,WR
16992,Nate Adkins,DEN,TE
16995,Bo Nix,DEN,QB
16997,Cam Ward,TEN,QB
17008,Jacob Cowing,SF,WR
17011,Johnny Wilson,PHI,WR
17014,Will Mallory,IND,TE
17017,Brenton Strange,JAX,TE
17020,Rome Odunze,CHI,WR
17021,Theo Johnson,NYG,TE
17026,Rasheen Ali,BAL,RB
17030,Davis Allen,LAR,TE
17033,Sam LaPorta,DET,TE
17037,Tyler Shough,NO,QB
17040,Jake Bobo,SEA,WR
17043,Roman Wilson,PIT,WR
17057,Isaiah Davis,NYJ,RB
17081,Konata Mumpfield,LAR,WR
17091,Emari Demercado,DAL,RB
17130,Blake Whiteheart,CLE,TE
17185,Jalen Brooks,ARI,WR
17218,E.J. Jenkins,PHI,TE
17319,Jaleel McLaughlin,CLE,RB
17330,Brycen Tremayne,CAR,WR
17335,Julian Hill,NE,TE
17467,Xavier Smith,LAR,WR
17555,Tyrell Shavers,BUF,WR
17584,Jacob Saylors,DET,RB
17593,Emanuel Wilson,SEA,RB
17668,Adonai Mitchell,NYJ,WR
17673,Drake Maye,NE,QB
17674,Marvin Harrison,ARI,WR
17684,Ja'Lynn Polk,NO,WR
17687,Xavier Worthy,KC,WR
17688,Jordan Whittington,LAR,WR
17689,J.J. McCarthy,MIN,QB
17690,Blake Corum,LAR,RB
17692,Jayden Daniels,WAS,QB
17693,Brock Bowers,LV,TE
17695,Caleb Williams,CHI,QB
17696,Erick All,CIN,TE
17700,Michael Penix,ATL,QB
17702,Braelon Allen,NYJ,RB
17704,Malik Nabers,NYG,WR
17716,Brian Thomas,JAX,WR
17719,Troy Franklin,DEN,WR
17724,Ladd McConkey,LAC,WR
17728,Devontez Walker,BAL,WR
17732,Keon Coleman,BUF,WR
17734,Xavier Legette,CAR,WR
17747,Jonathon Brooks,CAR,RB
17748,Ja'Tavion Sanders,CAR,TE
17760,Sione Vaki,DET,RB
17761,Ricky Pearsall,SF,WR
17763,Jalen McMillan,TB,WR
17767,Trey Benson,ARI,RB
17772,Tory Horton,SEA,WR
17777,Malachi Corley,CLE,WR
17782,Spencer Rattler,NO,QB
17784,Bucky Irving,TB,RB
17788,Audric Estime,NO,RB
17792,Ray Davis,BUF,RB
17794,Cade Stover,HOU,TE
17795,MarShawn Lloyd,GB,RB
17800,Jaylen Wright,MIA,RB
17802,Will Shipley,PHI,RB
17811,AJ Barner,SEA,TE
17818,Dylan Laube,LV,RB
17820,Luke McCaffrey,WAS,WR
17821,Kimani Vidal,LAC,RB
17833,Ben Sinnott,WAS,TE
17863,Malik Washington,MIA,WR
17908,Brevyn Spann-Ford,DAL,TE
17947,Isaac Guerendo,SF,RB
17966,Tip Reiman,ARI,TE
17967,Tyrone Tracy,NYG,RB
17968,George Holani,SEA,RB
17971,Anthony Gould,IND,WR
17974,Ryan Flournoy,DAL,WR
17975,Devaughn Vele,NO,WR
17976,Jalen Coker,CAR,WR
17977,Isaiah Williams,NYJ,WR
18300,British Brooks,HOU,RB
18307,Kameron Johnson,TB,WR
18443,DJ Giddens,IND,RB
18445,Omarion Hampton,LAC,RB
18449,Woody Marks,HOU,RB
18450,Ollie Gordon,MIA,RB
18457,Jack Bech,LV,WR
18460,Colston Loveland,CHI,TE
18467,Dylan Sampson,CLE,RB
18472,Harold Fannin,CLE,TE
18476,LeQuint Allen,JAX,RB
18477,Jalen Milroe,SEA,QB
18478,Tre' Harris,LAC,WR
18479,Shedeur Sanders,CLE,QB
18481,Oronde Gadsden,LAC,TE
18482,Brady Cook,MIA,QB
18484,Tez Johnson,TB,WR
18485,Jordan James,SF,RB
18487,Ashton Jeanty,LV,RB
18496,Dillon Gabriel,CLE,QB
18497,Terrance Ferguson,LAR,TE
18498,Kyle McCord,MIA,QB
18500,Matthew Golden,GB,WR
18502,Isaiah Bond,CLE,WR
18503,Gunnar Helm,TEN,TE
18505,Quinn Ewers,JAX,QB
18506,Trevor Etienne,CAR,RB
18512,Will Howard,PIT,QB
18513,Riley Leonard,IND,QB
18514,Cam Skattebo,NYG,RB
18515,Kaleb Johnson,GB,RB
18516,Quinshon Judkins,CLE,RB
18517,TreVeyon Henderson,NE,RB
18518,Nicholas Singleton,TEN,RB
18519,Tahj Brooks,CIN,RB
18520,Kyle Monangai,CHI,RB
18522,RJ Harvey,DEN,RB
18524,Bhayshul Tuten,JAX,RB
18526,Raheim Sanders,CLE,RB
18529,Brashard Smith,KC,RB
18530,Le'Veon Moss,MIA,RB
18532,Corey Kiner,NE,RB
18533,Kaytron Allen,WAS,RB
18534,Tyler Warren,IND,TE
18535,Mason Taylor,NYJ,TE
18536,Ben Yurosek,MIN,TE
18538,Jackson Hawes,BUF,TE
18539,Eli Stowers,PHI,TE
18540,Elijah Arroyo,SEA,TE
18542,Jake Briningstool,KC,TE
18544,Oscar Delp,NO,TE
18545,Mitchell Evans,CAR,TE
18547,Tetairoa McMillan,CAR,WR
18548,Luther Burden,CHI,WR
18549,Emeka Egbuka,TB,WR
18550,Jalen Royals,KC,WR
18551,Jayden Higgins,HOU,WR
18552,Elic Ayomanor,TEN,WR
18553,Tai Felton,MIN,WR
18554,Savion Williams,GB,WR
18555,Jaylin Noel,HOU,WR
18558,Dont'e Thornton,LV,WR
18562,Pat Bryant,DEN,WR
18567,LaJohntay Wester,BAL,WR
18569,Jimmy Horn,CAR,WR
18574,Jaxson Dart,NYG,QB
18578,Travis Hunter,JAX,WR
18641,Chimere Dike,TEN,WR
18642,Isaac TeSlaa,DET,WR
18643,Jaylin Lane,WAS,WR
18646,Arian Smith,NYJ,WR
18647,Jordan Watkins,SF,WR
18650,KeAndre Lambert-Smith,LAC,WR
18811,Jacory Croskey-Merritt,WAS,RB
18889,Efton Chism,NE,WR
18938,Jahdae Walker,CHI,WR
18958,Darius Cooper,PHI,WR
19095,Myles Price,MIN,WR
19126,Kyle Williams,NE,WR
19230,Ja'Kobi Lane,BAL,WR
19231,Makai Lemon,PHI,WR
19233,Jordyn Tyson,NO,WR
19234,Demond Claiborne,MIN,RB
19235,Jeremiyah Love,ARI,RB
19237,Antonio Williams,WAS,WR
19239,Chris Brazzell,CAR,WR
19240,Emmett Johnson,KC,RB
19241,Jonah Coleman,DEN,RB
19242,KC Concepcion,CLE,WR
19247,Dohnte Meyers,CIN,WR
19251,Skyler Bell,BUF,WR
19258,Jack Endries,CIN,TE
19259,Zavion Thomas,CHI,WR
19262,Zachariah Branch,ATL,WR
19263,Germie Bernard,PIT,WR
19268,Carnell Tate,TEN,WR
19271,Miller Moss,CHI,QB
19275,Ty Simpson,LAR,QB
19276,Justin Joly,MIA,TE
19278,Max Klare,LAR,TE
19279,Kenyon Sadiq,NYJ,TE
19281,Fernando Mendoza,LV,QB
19283,Garrett Nussmeier,KC,QB
19284,Cade Klubnik,NYJ,QB
19286,Drew Allar,PIT,QB
19287,Carson Beck,ARI,QB
19289,Taylen Green,CLE,QB
19292,Jalon Daniels,TB,QB
19293,Behren Morton,NE,QB
19296,Cole Payton,PHI,QB
19298,Denzel Boston,CLE,WR
19299,Jadarian Price,SEA,RB
19300,Mike Washington,LV,RB
19301,Adam Randall,BAL,RB
19303,Seth McGowan,IND,RB
19309,Chris Bell,MIA,WR
19310,Elijah Sarratt,BAL,WR
19312,Joe Royer,CLE,TE
19313,Malachi Fields,NYG,WR
19314,Omar Cooper,NYJ,WR
19315,Deion Burks,IND,WR
19316,CJ Daniels,LAR,WR
19318,Brenen Thompson,LAC,WR
19319,Bryce Lance,NO,WR
19320,Ted Hurst,TB,WR
19321,Josh Cameron,JAX,WR
19322,Kevin Coleman,MIA,WR
19326,Lewis Bond,HOU,WR
19330,De'Zhaun Stribling,SF,WR
19335,Eli Heidenreich,PIT,RB
19336,Barion Brown,NO,WR
19340,Kaden Wetjen,PIT,WR
19343,Caleb Douglas,MIA,WR
19348,Eli Raridon,NE,TE
19349,Tanner Koziol,JAX,TE
19351,John Michael Gyllenborg,KC,TE
19352,Marlin Klein,HOU,TE
19357,Sam Roush,CHI,TE
19359,Jaren Kanak,TEN,TE
19363,Dallen Bentley,DEN,TE
19364,Matthew Hibner,BAL,TE
19368,Athan Kaliakmanis,WAS,QB
19425,Chip Trayanum,NYJ,RB
19426,Josh Cuevas,BAL,TE
19431,CJ Donaldson,NO,RB
19432,Malik Benson,LV,WR
19443,Kendrick Law,DET,WR
19445,Reggie Virgil,ARI,WR
19447,Colbie Young,CIN,WR
19448,Nate Boerkircher,JAX,TE
19450,Will Kacmarek,MIA,TE
19452,Bauer Sharp,TB,TE
19607,Kaelon Black,SF,RB
19608,Carsen Ryan,CLE,TE
19631,Cyrus Allen,KC,WR
19681,Seydou Traore,MIA,TE
