Season,Week,Persona,PlayerID,Name,Team,Pos,Opp,Stat,Book,Line,Side,Odds,OppositeOdds,ImpliedProb,FairProb,Hold,OneSided,OurProb,Edge,ModelEdge,EdgeBucket,PriceModel,MedianAdj,Bettable,Slot,StakeUnits,ScaledBy,BankrollBefore,Status,Actual,PnlUnits,ClvStatus,ClvProb,ClvPct,ClosingOdds,ClosingLine,LineMove,Source,CapturedAt
2026,5,firehose,17784,Bucky Irving,TB,RB,at DAL,rushAtt,theScore,14.5,over,145,,0.4082,0.4082,,1,0.6294,0.2212,0.2212,15%+,projection,,1,main,1,1,100,pending,,,line-moved,,,-135,12.5,against,opticodds,2026-10-06T19:09:09.837Z
2026,5,firehose,16560,Rashid Shaheed,SEA,WR,vs SF,recYds,FanDuel,19.5,over,100,,0.5000,0.5000,,1,0.7007,0.2007,0.2007,15%+,projection,,1,main,1,1,100,pending,,,not-found,,,,,,opticodds,2026-10-06T19:09:09.837Z
2026,5,firehose,8743,Geno Smith,NYJ,QB,vs CLE,rushYds,DraftKings,9.5,over,-123,,0.5516,0.5516,,1,0.7520,0.2004,0.2004,15%+,projection,,1,main,1,1,100,pending,,,not-found,,,,,,opticodds,2026-10-06T19:09:09.837Z
2026,5,firehose,11718,Chris Godwin,TB,WR,at DAL,recYds,Hard Rock,24.5,over,-145,105,0.5918,0.5482,0.0796,0,0.7888,0.1970,0.2406,15%+,projection,,1,main,1,1,100,pending,,,matched,0.0449,0.1616,-220,24.5,same,opticodds,2026-10-06T19:09:09.837Z
2026,5,firehose,17784,Bucky Irving,TB,RB,at DAL,recYds,FanDuel,24.5,over,268,,0.2717,0.2717,,1,0.4668,0.1951,0.1951,15%+,projection,,1,main,1,1,100,pending,,,matched,0.0286,0.1051,233,24.5,same,opticodds,2026-10-06T19:09:09.837Z
2026,5,firehose,17690,Blake Corum,LAR,RB,vs BUF,rushYds,DraftKings,29.5,over,-121,,0.5475,0.5475,,1,0.7378,0.1902,0.1902,15%+,projection,,1,main,1,1,100,pending,,,not-found,,,,,,opticodds,2026-10-06T19:09:09.837Z
2026,5,firehose,17784,Bucky Irving,TB,RB,at DAL,rushYds,Hard Rock,53.5,over,-105,-130,0.5122,0.4754,0.0774,0,0.6968,0.1846,0.2214,15%+,projection,,1,main,1,1,100,pending,,,matched,-0.0073,0.0649,-120,53.5,same,opticodds,2026-10-06T19:09:09.837Z
2026,5,firehose,8057,Kirk Cousins,LV,QB,at NE,passYds,Hard Rock,163.5,under,400,-750,0.2000,0.1848,0.0824,0,0.3833,0.1833,0.1985,15%+,projection,,1,main,1,1,100,pending,,,not-found,,,,,,opticodds,2026-10-06T19:09:09.837Z
2026,5,firehose,16919,Zay Flowers,BAL,WR,at ATL,recYds,Caesars,59.5,over,-152,,0.6032,0.6032,,1,0.7859,0.1827,0.1827,15%+,projection,,1,main,1,1,100,pending,,,not-found,,,,,,opticodds,2026-10-06T19:09:09.837Z
2026,5,firehose,17784,Bucky Irving,TB,RB,at DAL,receptions,BetRivers,4.5,over,750,,0.1176,0.1176,,1,0.2987,0.1810,0.1810,15%+,projection,,1,main,1,1,100,pending,,,matched,0.0074,0.0625,700,4.5,same,opticodds,2026-10-06T19:09:09.837Z
2026,5,firehose,15357,Trevor Lawrence,JAX,QB,vs PHI,rushYds,Hard Rock,14.5,over,100,-130,0.5000,0.4694,0.0652,0,0.6743,0.1743,0.2049,15%+,projection,,1,main,1,1,100,pending,,,not-found,,,,,,opticodds,2026-10-06T19:09:09.837Z
2026,5,firehose,16946,Tyson Bagent,CHI,QB,at GB,passTD,FanDuel,1.5,under,-136,102,0.5763,0.5379,0.0713,0,0.7505,0.1742,0.2126,15%+,projection,,1,main,1,1,100,pending,,,not-found,,,,,,opticodds,2026-10-06T19:09:09.837Z
2026,5,firehose,18549,Emeka Egbuka,TB,WR,at DAL,recYds,Hard Rock,43.5,over,160,-225,0.3846,0.3571,0.0769,0,0.5564,0.1718,0.1993,15%+,projection,,1,main,1,1,100,pending,,,matched,0.0346,0.1818,120,43.5,same,opticodds,2026-10-06T19:09:09.837Z
2026,5,firehose,15222,Kenneth Gainwell,TB,RB,at DAL,recYds,Hard Rock,16.5,over,155,-220,0.3922,0.3632,0.0797,0,0.5623,0.1701,0.1990,15%+,projection,,1,main,1,1,100,pending,,,matched,0.0191,0.1333,125,16.5,same,opticodds,2026-10-06T19:09:09.837Z
2026,5,firehose,15907,Brian Robinson Jr.,ATL,RB,vs BAL,rushYds,Hard Rock,22.5,under,225,-350,0.3077,0.2835,0.0855,0,0.4776,0.1699,0.1941,15%+,projection,,1,main,1,1,100,pending,,,not-found,,,,,,opticodds,2026-10-06T19:09:09.837Z
2026,5,firehose,11008,Dak Prescott,DAL,QB,vs TB,rushYds,BetRivers,9.5,over,-112,-120,0.5283,0.4920,0.0738,0,0.6978,0.1695,0.2057,15%+,projection,,1,main,1,1,100,pending,,,line-moved,,,-109,10.5,toward,opticodds,2026-10-06T19:09:09.837Z
2026,5,firehose,15222,Kenneth Gainwell,TB,RB,at DAL,rushYds,DraftKings,59.5,over,3000,,0.0323,0.0323,,1,0.2006,0.1684,0.1684,15%+,projection,,1,main,1,1,100,pending,,,matched,-0.0020,-0.0606,3200,59.5,same,opticodds,2026-10-06T19:09:09.837Z
2026,5,firehose,17811,AJ Barner,SEA,TE,vs SF,recYds,Caesars,19.5,over,-164,,0.6212,0.6212,,1,0.7878,0.1666,0.1666,15%+,projection,,1,main,1,1,100,pending,,,not-found,,,,,,opticodds,2026-10-06T19:09:09.837Z
2026,5,firehose,19607,Kaelon Black,SF,RB,at SEA,rushYds,BetRivers,29.5,over,400,,0.2000,0.2000,,1,0.3649,0.1649,0.1649,15%+,projection,,1,main,1,1,100,pending,,,not-found,,,,,,opticodds,2026-10-06T19:09:09.837Z
2026,5,firehose,13427,Justice Hill,BAL,RB,at ATL,rushYds,FanDuel,19.5,over,206,,0.3268,0.3268,,1,0.4905,0.1637,0.1637,15%+,projection,,1,main,1,1,100,pending,,,not-found,,,,,,opticodds,2026-10-06T19:09:09.837Z
2026,5,firehose,11712,Deshaun Watson,CLE,QB,at NYJ,rushYds,Hard Rock,13.5,under,275,-450,0.2667,0.2458,0.0848,0,0.4274,0.1607,0.1816,15%+,projection,,1,main,1,1,100,pending,,,not-found,,,,,,opticodds,2026-10-06T19:09:09.837Z
2026,5,firehose,17716,Brian Thomas Jr.,JAX,WR,vs PHI,recYds,DraftKings,23.5,over,-110,-114,0.5238,0.4958,0.0565,0,0.6833,0.1595,0.1875,15%+,projection,,1,main,1,1,100,pending,,,not-found,,,,,,opticodds,2026-10-06T19:09:09.837Z
2026,5,firehose,19292,Jalon Daniels,TB,QB,at DAL,passYds,Hard Rock,213.5,over,210,-300,0.3226,0.3008,0.0726,0,0.4774,0.1548,0.1766,15%+,projection,,1,main,1,1,100,pending,,,matched,0.0083,0.1071,180,213.5,same,opticodds,2026-10-06T19:09:09.837Z
2026,5,firehose,12490,Sam Darnold,SEA,QB,vs SF,rushYds,Hard Rock,12.5,over,240,-375,0.2941,0.2714,0.0836,0,0.4476,0.1535,0.1762,15%+,projection,,1,main,1,1,100,pending,,,not-found,,,,,,opticodds,2026-10-06T19:09:09.837Z
2026,5,firehose,9253,Mike Evans,SF,WR,at SEA,recYds,DraftKings,59.5,over,147,,0.4049,0.4049,,1,0.5580,0.1531,0.1531,15%+,projection,,1,main,1,1,100,pending,,,not-found,,,,,,opticodds,2026-10-06T19:09:09.837Z
2026,5,firehose,17702,Braelon Allen,NYJ,RB,vs CLE,rushYds,Hard Rock,78.5,under,-175,125,0.6364,0.5888,0.0808,0,0.7884,0.1520,0.1996,15%+,projection,,1,main,1,1,100,pending,,,not-found,,,,,,opticodds,2026-10-06T19:09:09.837Z
2026,5,firehose,17811,AJ Barner,SEA,TE,vs SF,receptions,DraftKings,2.5,over,-132,103,0.5690,0.5360,0.0616,0,0.7173,0.1483,0.1813,10-15%,projection,,1,main,1,1,100,pending,,,not-found,,,,,,opticodds,2026-10-06T19:09:09.837Z
2026,5,firehose,13429,Deebo Samuel Sr.,SF,WR,at SEA,recYds,DraftKings,39.5,over,147,,0.4049,0.4049,,1,0.5500,0.1451,0.1451,10-15%,projection,,1,main,1,1,100,pending,,,not-found,,,,,,opticodds,2026-10-06T19:09:09.837Z
2026,5,firehose,16690,Parker Washington,JAX,WR,vs PHI,recYds,Hard Rock,88.5,under,-375,250,0.7895,0.7343,0.0752,0,0.9323,0.1429,0.1981,10-15%,projection,,1,main,1,1,100,pending,,,not-found,,,,,,opticodds,2026-10-06T19:09:09.837Z
2026,5,firehose,17057,Isaiah Davis,NYJ,RB,vs CLE,rushYds,Hard Rock,30.5,under,-600,375,0.8571,0.8028,0.0677,0,1.0000,0.1429,0.1972,10-15%,projection,,1,main,1,1,100,pending,,,not-found,,,,,,opticodds,2026-10-06T19:09:09.837Z
2026,5,firehose,12559,Mark Andrews,BAL,TE,at ATL,recYds,FanDuel,30.5,over,-114,-114,0.5327,0.5000,0.0654,0,0.6754,0.1427,0.1754,10-15%,projection,,1,main,1,1,100,pending,,,not-found,,,,,,opticodds,2026-10-06T19:09:09.837Z
2026,5,firehose,15876,James Cook,BUF,RB,at LAR,rushYds,BetRivers,79.5,over,114,,0.4673,0.4673,,1,0.6095,0.1422,0.1422,10-15%,projection,,1,main,1,1,100,pending,,,not-found,,,,,,opticodds,2026-10-06T19:09:09.837Z
2026,5,firehose,14416,Jalen Hurts,PHI,QB,at JAX,rushYds,Hard Rock,30.5,under,-160,115,0.6154,0.5695,0.0805,0,0.7566,0.1412,0.1870,10-15%,projection,,1,main,1,1,100,pending,,,not-found,,,,,,opticodds,2026-10-06T19:09:09.837Z
2026,5,firehose,9455,Davante Adams,LAR,WR,vs BUF,recYds,DraftKings,79.5,over,176,,0.3623,0.3623,,1,0.5029,0.1406,0.1406,10-15%,projection,,1,main,1,1,100,pending,,,not-found,,,,,,opticodds,2026-10-06T19:09:09.837Z
2026,5,firehose,11718,Chris Godwin,TB,WR,at DAL,receptions,BetRivers,5.5,over,525,,0.1600,0.1600,,1,0.2993,0.1393,0.1393,10-15%,projection,,1,main,1,1,100,pending,,,matched,0.0726,0.4535,330,5.5,same,opticodds,2026-10-06T19:09:09.837Z
2026,5,firehose,16032,Cade Otton,TB,TE,at DAL,recYds,FanDuel,27.5,over,-114,-114,0.5327,0.5000,0.0654,0,0.6694,0.1367,0.1694,10-15%,projection,,1,main,1,1,100,pending,,,line-moved,,,-113,29.5,toward,opticodds,2026-10-06T19:09:09.837Z
2026,5,firehose,18549,Emeka Egbuka,TB,WR,at DAL,receptions,BetMGM,2.5,over,-160,120,0.6154,0.5752,0.0699,0,0.7521,0.1367,0.1770,10-15%,projection,,1,main,1,1,100,pending,,,line-moved,,,130,3.5,toward,opticodds,2026-10-06T19:09:09.837Z
2026,5,firehose,15850,Jahan Dotson,ATL,WR,vs BAL,receptions,FanDuel,1.5,under,122,-162,0.4505,0.4215,0.0688,0,0.5853,0.1349,0.1639,10-15%,projection,,1,main,1,1,100,pending,,,not-found,,,,,,opticodds,2026-10-06T19:09:09.837Z
2026,5,firehose,15850,Jahan Dotson,ATL,WR,vs BAL,recYds,Hard Rock,34.5,under,-300,210,0.7500,0.6992,0.0726,0,0.8843,0.1343,0.1851,10-15%,projection,,1,main,1,1,100,pending,,,not-found,,,,,,opticodds,2026-10-06T19:09:09.837Z
2026,5,firehose,16739,Bijan Robinson,ATL,RB,vs BAL,recYds,Hard Rock,36.5,over,175,-250,0.3636,0.3373,0.0779,0,0.4974,0.1338,0.1601,10-15%,projection,,1,main,1,1,100,pending,,,not-found,,,,,,opticodds,2026-10-06T19:09:09.837Z
2026,5,firehose,19292,Jalon Daniels,TB,QB,at DAL,rushYds,Hard Rock,70.5,under,-650,375,0.8667,0.8046,0.0772,0,1.0000,0.1333,0.1954,10-15%,projection,,1,main,1,1,100,pending,,,line-moved,,,-650,71.5,against,opticodds,2026-10-06T19:09:09.837Z
2026,5,firehose,17700,Michael Penix Jr.,ATL,QB,vs BAL,passTD,Caesars,1.5,under,-145,118,0.5918,0.5634,0.0506,0,0.7247,0.1329,0.1614,10-15%,projection,,1,main,1,1,100,pending,,,not-found,,,,,,opticodds,2026-10-06T19:09:09.837Z
2026,5,firehose,17673,Drake Maye,NE,QB,vs LV,completions,DraftKings,23.5,over,388,,0.2049,0.2049,,1,0.3373,0.1324,0.1324,10-15%,projection,,1,main,1,1,100,pending,,,not-found,,,,,,opticodds,2026-10-06T19:09:09.837Z
2026,5,firehose,15306,Javonte Williams,DAL,RB,vs TB,rushAtt,BetRivers,16.5,over,-118,,0.5413,0.5413,,1,0.6735,0.1322,0.1322,10-15%,projection,,1,main,1,1,100,pending,,,matched,-0.0175,-0.0323,-110,16.5,same,opticodds,2026-10-06T19:09:09.837Z
2026,5,firehose,15265,Kyle Pitts,ATL,TE,vs BAL,recYds,Hard Rock,20.5,over,-150,115,0.6000,0.5633,0.0651,0,0.7319,0.1319,0.1686,10-15%,projection,,1,main,1,1,100,pending,,,not-found,,,,,,opticodds,2026-10-06T19:09:09.837Z
2026,5,firehose,14371,Jordan Love,GB,QB,vs CHI,passYds,DraftKings,259.5,over,181,,0.3559,0.3559,,1,0.4794,0.1236,0.1236,10-15%,projection,,1,main,1,1,100,pending,,,not-found,,,,,,opticodds,2026-10-06T19:09:09.837Z
2026,5,firehose,12483,Josh Allen,BUF,QB,at LAR,passTD,DraftKings,1.5,under,-116,-110,0.5370,0.5062,0.0608,0,0.6590,0.1220,0.1528,10-15%,projection,,1,main,1,1,100,pending,,,not-found,,,,,,opticodds,2026-10-06T19:09:09.837Z
2026,5,firehose,14563,Tyler Huntley,BAL,QB,at ATL,passTD,Caesars,1.5,under,-240,189,0.7059,0.6711,0.0519,0,0.8195,0.1137,0.1485,10-15%,projection,,1,main,1,1,100,pending,,,not-found,,,,,,opticodds,2026-10-06T19:09:09.837Z
2026,5,firehose,14416,Jalen Hurts,PHI,QB,at JAX,rushAtt,BetRivers,4.5,over,-286,,0.7409,0.7409,,1,0.8538,0.1129,0.1129,10-15%,projection,,1,main,1,1,100,pending,,,not-found,,,,,,opticodds,2026-10-06T19:09:09.837Z
2026,5,firehose,18524,Bhayshul Tuten,JAX,RB,vs PHI,recYds,Caesars,9.5,over,-110,-120,0.5238,0.4899,0.0693,0,0.6364,0.1126,0.1465,10-15%,projection,,1,main,1,1,100,pending,,,not-found,,,,,,opticodds,2026-10-06T19:09:09.837Z
2026,5,firehose,17716,Brian Thomas Jr.,JAX,WR,vs PHI,receptions,Hard Rock,1.5,over,-170,130,0.6296,0.5915,0.0644,0,0.7388,0.1092,0.1473,10-15%,projection,,1,main,1,1,100,pending,,,not-found,,,,,,opticodds,2026-10-06T19:09:09.837Z
2026,5,firehose,16946,Tyson Bagent,CHI,QB,at GB,passYds,Hard Rock,161.5,under,400,-700,0.2000,0.1860,0.0750,0,0.3079,0.1079,0.1219,10-15%,projection,,1,main,1,1,100,pending,,,not-found,,,,,,opticodds,2026-10-06T19:09:09.837Z
2026,5,firehose,5971,Matthew Stafford,LAR,QB,vs BUF,completions,Hard Rock,22.5,under,115,-150,0.4651,0.4367,0.0651,0,0.5710,0.1059,0.1343,10-15%,projection,,1,main,1,1,100,pending,,,not-found,,,,,,opticodds,2026-10-06T19:09:09.837Z
2026,5,firehose,15222,Kenneth Gainwell,TB,RB,at DAL,receptions,Hard Rock,1.5,over,-165,130,0.6226,0.5888,0.0574,0,0.7268,0.1041,0.1379,10-15%,projection,,1,main,1,1,100,pending,,,matched,-0.0186,0.0425,-185,1.5,same,opticodds,2026-10-06T19:09:09.837Z
2026,5,firehose,11690,Christian McCaffrey,SF,RB,at SEA,recYds,Hard Rock,48.5,under,-275,195,0.7333,0.6839,0.0723,0,0.8373,0.1039,0.1534,10-15%,projection,,1,main,1,1,100,pending,,,not-found,,,,,,opticodds,2026-10-06T19:09:09.837Z
2026,5,firehose,14416,Jalen Hurts,PHI,QB,at JAX,completions,Hard Rock,19.5,under,-115,-115,0.5349,0.5000,0.0698,0,0.6371,0.1022,0.1371,10-15%,projection,,1,main,1,1,100,pending,,,not-found,,,,,,opticodds,2026-10-06T19:09:09.837Z
2026,5,firehose,12483,Josh Allen,BUF,QB,at LAR,rushYds,Hard Rock,56.5,under,-500,300,0.8333,0.7692,0.0833,0,0.9355,0.1021,0.1662,10-15%,projection,,1,main,1,1,100,pending,,,not-found,,,,,,opticodds,2026-10-06T19:09:09.837Z
2026,5,firehose,15829,Garrett Wilson,NYJ,WR,vs CLE,receptions,Hard Rock,5.5,under,145,-200,0.4082,0.3797,0.0748,0,0.5098,0.1016,0.1300,10-15%,projection,,1,main,1,1,100,pending,,,not-found,,,,,,opticodds,2026-10-06T19:09:09.837Z
2026,5,firehose,16654,Jaxon Smith-Njigba,SEA,WR,vs SF,receptions,DraftKings,10.5,over,810,,0.1099,0.1099,,1,0.2090,0.0991,0.0991,5-10%,projection,,1,main,1,1,100,pending,,,not-found,,,,,,opticodds,2026-10-06T19:09:09.837Z
2026,5,firehose,15947,Jake Ferguson,DAL,TE,vs TB,recYds,FanDuel,26.5,over,-114,-114,0.5327,0.5000,0.0654,0,0.6314,0.0987,0.1314,5-10%,projection,,1,main,1,1,100,pending,,,matched,-0.0327,-0.0041,-113,26.5,same,opticodds,2026-10-06T19:09:09.837Z
2026,5,firehose,16690,Parker Washington,JAX,WR,vs PHI,receptions,Hard Rock,2.5,under,425,-850,0.1905,0.1755,0.0852,0,0.2885,0.0980,0.1130,5-10%,projection,,1,main,1,1,100,pending,,,not-found,,,,,,opticodds,2026-10-06T19:09:09.837Z
2026,5,firehose,14411,CeeDee Lamb,DAL,WR,vs TB,recYds,DraftKings,89.5,over,126,,0.4425,0.4425,,1,0.5403,0.0978,0.0978,5-10%,projection,,1,main,1,1,100,pending,,,matched,0.0360,0.0813,109,89.5,same,opticodds,2026-10-06T19:09:09.837Z
2026,5,firehose,5971,Matthew Stafford,LAR,QB,vs BUF,passYds,DraftKings,281.5,under,-111,-113,0.5261,0.4979,0.0566,0,0.6237,0.0977,0.1259,5-10%,projection,,1,main,1,1,100,pending,,,not-found,,,,,,opticodds,2026-10-06T19:09:09.837Z
2026,5,firehose,16560,Rashid Shaheed,SEA,WR,vs SF,receptions,BetRivers,3.5,over,500,,0.1667,0.1667,,1,0.2629,0.0962,0.0962,5-10%,projection,,1,main,1,1,100,pending,,,not-found,,,,,,opticodds,2026-10-06T19:09:09.837Z
2026,5,firehose,18472,Harold Fannin Jr.,CLE,TE,at NYJ,recYds,DraftKings,24.5,over,-243,,0.7085,0.7085,,1,0.8016,0.0932,0.0932,5-10%,projection,,1,main,1,1,100,pending,,,not-found,,,,,,opticodds,2026-10-06T19:09:09.837Z
2026,5,firehose,8743,Geno Smith,NYJ,QB,vs CLE,passYds,Hard Rock,165.5,under,275,-425,0.2667,0.2478,0.0762,0,0.3599,0.0932,0.1121,5-10%,projection,,1,main,1,1,100,pending,,,not-found,,,,,,opticodds,2026-10-06T19:09:09.837Z
2026,5,firehose,15807,Kyren Williams,LAR,RB,vs BUF,rushYds,BetRivers,79.5,over,143,,0.4115,0.4115,,1,0.5036,0.0921,0.0921,5-10%,projection,,1,main,1,1,100,pending,,,not-found,,,,,,opticodds,2026-10-06T19:09:09.837Z
2026,5,firehose,15853,George Pickens,DAL,WR,vs TB,recYds,DraftKings,39.5,over,-306,,0.7537,0.7537,,1,0.8438,0.0901,0.0901,5-10%,projection,,1,main,1,1,100,pending,,,matched,0.0065,0.0086,-317,39.5,same,opticodds,2026-10-06T19:09:09.837Z
2026,5,firehose,15306,Javonte Williams,DAL,RB,vs TB,rushYds,Hard Rock,102.5,under,-425,260,0.8095,0.7445,0.0873,0,0.8995,0.0900,0.1550,5-10%,projection,,1,main,1,1,100,pending,,,matched,-0.0050,0.0706,-650,102.5,same,opticodds,2026-10-06T19:09:09.837Z
2026,5,firehose,15265,Kyle Pitts,ATL,TE,vs BAL,receptions,Caesars,3.5,over,250,,0.2857,0.2857,,1,0.3711,0.0854,0.0854,5-10%,projection,,1,main,1,1,100,pending,,,not-found,,,,,,opticodds,2026-10-06T19:09:09.837Z
2026,5,firehose,19320,Ted Hurst,TB,WR,at DAL,receptions,DraftKings,3.5,over,548,,0.1543,0.1543,,1,0.2386,0.0843,0.0843,5-10%,projection,,1,main,1,1,100,pending,,,matched,-0.0523,-0.3388,880,3.5,same,opticodds,2026-10-06T19:09:09.837Z
2026,5,firehose,11690,Christian McCaffrey,SF,RB,at SEA,rushYds,Hard Rock,89.5,under,-650,375,0.8667,0.8046,0.0772,0,0.9500,0.0834,0.1455,5-10%,projection,,1,main,1,1,100,pending,,,not-found,,,,,,opticodds,2026-10-06T19:09:09.837Z
2026,5,firehose,19320,Ted Hurst,TB,WR,at DAL,recYds,DraftKings,20.5,over,-109,-116,0.5215,0.4927,0.0586,0,0.6028,0.0812,0.1101,5-10%,projection,,1,main,1,1,100,pending,,,line-moved,,,168,24.5,toward,opticodds,2026-10-06T19:09:09.837Z
2026,5,firehose,15834,Brock Purdy,SF,QB,at SEA,passYds,DraftKings,259.5,over,218,,0.3145,0.3145,,1,0.3947,0.0802,0.0802,5-10%,projection,,1,main,1,1,100,pending,,,not-found,,,,,,opticodds,2026-10-06T19:09:09.837Z
2026,5,firehose,19292,Jalon Daniels,TB,QB,at DAL,int,BetRivers,0.5,over,-150,114,0.6000,0.5622,0.0673,0,0.6802,0.0802,0.1180,5-10%,projection,,1,main,1,1,100,pending,,,matched,0.0250,0.1111,-200,0.5,same,opticodds,2026-10-06T19:09:09.837Z
2026,5,firehose,18516,Quinshon Judkins,CLE,RB,at NYJ,rushYds,Hard Rock,94.5,under,-600,375,0.8571,0.8028,0.0677,0,0.9371,0.0800,0.1343,5-10%,projection,,1,main,1,1,100,pending,,,not-found,,,,,,opticodds,2026-10-06T19:09:09.837Z
2026,5,firehose,19321,Josh Cameron,JAX,WR,vs PHI,recYds,Hard Rock,34.5,under,-600,350,0.8571,0.7941,0.0794,0,0.9359,0.0787,0.1418,5-10%,projection,,1,main,1,1,100,pending,,,not-found,,,,,,opticodds,2026-10-06T19:09:09.837Z
2026,5,firehose,19292,Jalon Daniels,TB,QB,at DAL,passTD,BetRivers,1.5,over,235,,0.2985,0.2985,,1,0.3767,0.0782,0.0782,5-10%,projection,,1,main,1,1,100,pending,,,matched,0.0140,0.0469,220,1.5,same,opticodds,2026-10-06T19:09:09.837Z
2026,5,firehose,15834,Brock Purdy,SF,QB,at SEA,rushYds,Hard Rock,31.5,under,-425,275,0.8095,0.7522,0.0762,0,0.8848,0.0753,0.1326,5-10%,projection,,1,main,1,1,100,pending,,,not-found,,,,,,opticodds,2026-10-06T19:09:09.837Z
2026,5,firehose,15306,Javonte Williams,DAL,RB,vs TB,recYds,Hard Rock,36.5,under,-525,325,0.8400,0.7812,0.0753,0,0.9148,0.0748,0.1336,5-10%,projection,,1,main,1,1,100,pending,,,matched,-0.0441,0.0317,-650,36.5,same,opticodds,2026-10-06T19:09:09.837Z
2026,5,firehose,17017,Brenton Strange,JAX,TE,vs PHI,recYds,Hard Rock,62.5,under,-550,325,0.8462,0.7824,0.0814,0,0.9210,0.0748,0.1386,5-10%,projection,,1,main,1,1,100,pending,,,not-found,,,,,,opticodds,2026-10-06T19:09:09.837Z
2026,5,firehose,15868,Drake London,ATL,WR,vs BAL,recYds,Hard Rock,81.5,over,-115,-115,0.5349,0.5000,0.0698,0,0.6082,0.0733,0.1082,5-10%,projection,,1,main,1,1,100,pending,,,not-found,,,,,,opticodds,2026-10-06T19:09:09.837Z
2026,5,firehose,15829,Garrett Wilson,NYJ,WR,vs CLE,recYds,Hard Rock,93.5,under,-325,220,0.7647,0.7099,0.0772,0,0.8375,0.0728,0.1276,5-10%,projection,,1,main,1,1,100,pending,,,not-found,,,,,,opticodds,2026-10-06T19:09:09.837Z
2026,5,firehose,15990,Tyler Goodson,DAL,RB,vs TB,rushYds,Hard Rock,39.5,under,-650,375,0.8667,0.8046,0.0772,0,0.9395,0.0728,0.1350,5-10%,projection,,1,main,1,1,100,pending,,,matched,-0.0431,0.0256,-800,39.5,same,opticodds,2026-10-06T19:09:09.837Z
2026,5,firehose,10819,Derrick Henry,BAL,RB,at ATL,rushYds,Hard Rock,137.5,under,-600,350,0.8571,0.7941,0.0794,0,0.9299,0.0727,0.1358,5-10%,projection,,1,main,1,1,100,pending,,,not-found,,,,,,opticodds,2026-10-06T19:09:09.837Z
2026,5,firehose,18472,Harold Fannin Jr.,CLE,TE,at NYJ,receptions,Caesars,2.5,over,-440,,0.8148,0.8148,,1,0.8874,0.0725,0.0725,5-10%,projection,,1,main,1,1,100,pending,,,not-found,,,,,,opticodds,2026-10-06T19:09:09.837Z
2026,5,firehose,13429,Deebo Samuel Sr.,SF,WR,at SEA,receptions,Caesars,5.5,over,450,,0.1818,0.1818,,1,0.2525,0.0707,0.0707,5-10%,projection,,1,main,1,1,100,pending,,,not-found,,,,,,opticodds,2026-10-06T19:09:09.837Z
2026,5,firehose,18524,Bhayshul Tuten,JAX,RB,vs PHI,receptions,BetRivers,0.5,over,-530,,0.8413,0.8413,,1,0.9113,0.0701,0.0701,5-10%,projection,,1,main,1,1,100,pending,,,not-found,,,,,,opticodds,2026-10-06T19:09:09.837Z
2026,5,firehose,18524,Bhayshul Tuten,JAX,RB,vs PHI,rushYds,Hard Rock,30.5,under,450,-900,0.1818,0.1681,0.0818,0,0.2517,0.0699,0.0837,5-10%,projection,,1,main,1,1,100,pending,,,not-found,,,,,,opticodds,2026-10-06T19:09:09.837Z
2026,5,firehose,12483,Josh Allen,BUF,QB,at LAR,rushAtt,DraftKings,11.5,over,630,,0.1370,0.1370,,1,0.2067,0.0697,0.0697,5-10%,pool,,1,thursday,1,1,100,pending,,,not-found,,,,,,opticodds,2026-10-08T20:38:02.473Z
2026,5,firehose,16739,Bijan Robinson,ATL,RB,vs BAL,rushYds,FanDuel,69.5,over,-282,,0.7382,0.7382,,1,0.8074,0.0692,0.0692,5-10%,projection,,1,main,1,1,100,pending,,,not-found,,,,,,opticodds,2026-10-06T19:09:09.837Z
2026,5,firehose,11712,Deshaun Watson,CLE,QB,at NYJ,passYds,Hard Rock,143.5,under,450,-800,0.1818,0.1698,0.0707,0,0.2499,0.0681,0.0801,5-10%,projection,,1,main,1,1,100,pending,,,not-found,,,,,,opticodds,2026-10-06T19:09:09.837Z
2026,5,firehose,16790,Puka Nacua,LAR,WR,vs BUF,receptions,BetRivers,11.5,over,1200,,0.0769,0.0769,,1,0.1432,0.0663,0.0663,5-10%,projection,,1,main,1,1,100,pending,,,not-found,,,,,,opticodds,2026-10-06T19:09:09.837Z
2026,5,firehose,15357,Trevor Lawrence,JAX,QB,vs PHI,int,BetRivers,0.5,under,100,-130,0.5000,0.4694,0.0652,0,0.5655,0.0655,0.0961,5-10%,projection,,1,main,1,1,100,pending,,,not-found,,,,,,opticodds,2026-10-06T19:09:09.837Z
2026,5,firehose,11690,Christian McCaffrey,SF,RB,at SEA,rushAtt,DraftKings,15.5,over,113,,0.4695,0.4695,,1,0.5346,0.0651,0.0651,5-10%,projection,,1,main,1,1,100,pending,,,not-found,,,,,,opticodds,2026-10-06T19:09:09.837Z
2026,5,firehose,8743,Geno Smith,NYJ,QB,vs CLE,int,BetRivers,0.5,under,104,-137,0.4902,0.4589,0.0683,0,0.5543,0.0641,0.0955,5-10%,projection,,1,main,1,1,100,pending,,,not-found,,,,,,opticodds,2026-10-06T19:09:09.837Z
2026,5,firehose,14416,Jalen Hurts,PHI,QB,at JAX,passYds,BetRivers,199.5,over,120,,0.4545,0.4545,,1,0.5186,0.0640,0.0640,5-10%,projection,,1,main,1,1,100,pending,,,not-found,,,,,,opticodds,2026-10-06T19:09:09.837Z
2026,5,firehose,11863,Cooper Kupp,SEA,WR,vs SF,recYds,DraftKings,24.5,over,-116,-108,0.5370,0.5084,0.0563,0,0.6002,0.0632,0.0918,5-10%,projection,,1,main,1,1,100,pending,,,not-found,,,,,,opticodds,2026-10-06T19:09:09.837Z
2026,5,firehose,17673,Drake Maye,NE,QB,vs LV,passTD,DraftKings,1.5,under,-105,-122,0.5122,0.4824,0.0617,0,0.5747,0.0625,0.0923,5-10%,projection,,1,main,1,1,100,pending,,,not-found,,,,,,opticodds,2026-10-06T19:09:09.837Z
2026,5,firehose,19292,Jalon Daniels,TB,QB,at DAL,completions,BetRivers,19.5,over,230,,0.3030,0.3030,,1,0.3654,0.0624,0.0624,5-10%,projection,,1,main,1,1,100,pending,,,matched,0.0541,0.1786,180,19.5,same,opticodds,2026-10-06T19:09:09.837Z
2026,5,firehose,12483,Josh Allen,BUF,QB,at LAR,int,BetRivers,0.5,over,-106,-124,0.5146,0.4817,0.0681,0,0.5768,0.0623,0.0951,5-10%,projection,,1,main,1,1,100,pending,,,not-found,,,,,,opticodds,2026-10-06T19:09:09.837Z
2026,5,firehose,11712,Deshaun Watson,CLE,QB,at NYJ,rushAtt,DraftKings,11.5,over,1700,,0.0556,0.0556,,1,0.1176,0.0620,0.0620,5-10%,pool,,1,thursday,1,1,100,pending,,,not-found,,,,,,opticodds,2026-10-08T20:38:02.473Z
2026,5,firehose,9455,Davante Adams,LAR,WR,vs BUF,receptions,BetRivers,6.5,over,440,,0.1852,0.1852,,1,0.2468,0.0617,0.0617,5-10%,projection,,1,main,1,1,100,pending,,,not-found,,,,,,opticodds,2026-10-06T19:09:09.837Z
2026,5,firehose,9253,Mike Evans,SF,WR,at SEA,receptions,BetRivers,5.5,over,300,,0.2500,0.2500,,1,0.3107,0.0607,0.0607,5-10%,projection,,1,main,1,1,100,pending,,,not-found,,,,,,opticodds,2026-10-06T19:09:09.837Z
2026,5,firehose,12483,Josh Allen,BUF,QB,at LAR,passYds,Hard Rock,190.5,under,350,-550,0.2222,0.2080,0.0684,0,0.2797,0.0575,0.0717,5-10%,projection,,1,main,1,1,100,pending,,,not-found,,,,,,opticodds,2026-10-06T19:09:09.837Z
2026,5,firehose,18450,Ollie Gordon II,MIA,RB,vs CIN,rushAtt,DraftKings,17.5,over,930,,0.0971,0.0971,,1,0.1521,0.0551,0.0551,5-10%,pool,,1,thursday,1,1,100,pending,,,not-found,,,,,,opticodds,2026-10-08T20:38:02.473Z
2026,5,firehose,15357,Trevor Lawrence,JAX,QB,vs PHI,passTD,DraftKings,1.5,under,-107,-119,0.5169,0.4875,0.0603,0,0.5713,0.0544,0.0838,5-10%,projection,,1,main,1,1,100,pending,,,not-found,,,,,,opticodds,2026-10-06T19:09:09.837Z
2026,5,firehose,13894,KaVontae Turpin,DAL,WR,vs TB,recYds,FanDuel,19.5,over,429,,0.1890,0.1890,,1,0.2431,0.0541,0.0541,5-10%,pool,,1,thursday,1,1,100,pending,,,matched,0.0000,0.0000,429,19.5,same,opticodds,2026-10-08T20:38:02.473Z
2026,5,firehose,14411,CeeDee Lamb,DAL,WR,vs TB,receptions,DraftKings,8.5,over,377,,0.2096,0.2096,,1,0.2629,0.0532,0.0532,5-10%,projection,,1,main,1,1,100,pending,,,matched,0.0549,0.2619,278,8.5,same,opticodds,2026-10-06T19:09:09.837Z
2026,5,firehose,17017,Brenton Strange,JAX,TE,vs PHI,receptions,FanDuel,3.5,over,-102,-130,0.5050,0.4718,0.0702,0,0.5568,0.0518,0.0849,5-10%,projection,,1,main,1,1,100,pending,,,not-found,,,,,,opticodds,2026-10-06T19:09:09.837Z
2026,5,firehose,17037,Tyler Shough,NO,QB,vs MIN,rushYds,DraftKings,29.5,over,850,,0.1053,0.1053,,1,0.1562,0.0510,0.0510,5-10%,pool,,1,thursday,1,1,100,pending,,,not-found,,,,,,opticodds,2026-10-08T20:38:02.473Z
2026,5,firehose,15853,George Pickens,DAL,WR,vs TB,receptions,DraftKings,7.5,over,670,,0.1299,0.1299,,1,0.1807,0.0509,0.0509,5-10%,projection,,1,main,1,1,100,pending,,,matched,0.0254,0.1957,544,7.5,same,opticodds,2026-10-06T19:09:09.837Z
2026,5,firehose,18484,Tez Johnson,TB,WR,at DAL,recYds,Hard Rock,13.5,over,-110,-120,0.5238,0.4899,0.0693,0,0.5745,0.0507,0.0846,5-10%,projection,,1,main,1,1,100,pending,,,matched,-0.0385,0.0000,-110,13.5,same,opticodds,2026-10-06T19:09:09.837Z
2026,5,firehose,18445,Omarion Hampton,LAC,RB,vs DEN,rushAtt,DraftKings,17.5,over,940,,0.0962,0.0962,,1,0.1464,0.0503,0.0503,5-10%,pool,,1,thursday,1,1,100,pending,,,not-found,,,,,,opticodds,2026-10-08T20:38:02.473Z
2026,5,firehose,14371,Jordan Love,GB,QB,vs CHI,completions,BetRivers,24.5,over,310,,0.2439,0.2439,,1,0.2934,0.0495,0.0495,3-5%,projection,,1,main,1,1,100,pending,,,not-found,,,,,,opticodds,2026-10-06T19:09:09.837Z
2026,5,firehose,15834,Brock Purdy,SF,QB,at SEA,int,BetRivers,0.5,over,-157,120,0.6109,0.5734,0.0654,0,0.6604,0.0495,0.0870,3-5%,projection,,1,main,1,1,100,pending,,,not-found,,,,,,opticodds,2026-10-06T19:09:09.837Z
2026,5,firehose,15834,Brock Purdy,SF,QB,at SEA,completions,DraftKings,25.5,over,428,,0.1894,0.1894,,1,0.2385,0.0491,0.0491,3-5%,projection,,1,main,1,1,100,pending,,,not-found,,,,,,opticodds,2026-10-06T19:09:09.837Z
2026,5,firehose,5971,Matthew Stafford,LAR,QB,vs BUF,int,DraftKings,0.5,under,-107,-119,0.5169,0.4875,0.0603,0,0.5655,0.0486,0.0780,3-5%,projection,,1,main,1,1,100,pending,,,not-found,,,,,,opticodds,2026-10-06T19:09:09.837Z
2026,5,firehose,19321,Josh Cameron,JAX,WR,vs PHI,receptions,Caesars,1.5,under,-139,107,0.5816,0.5463,0.0647,0,0.6291,0.0476,0.0829,3-5%,projection,,1,main,1,1,100,pending,,,not-found,,,,,,opticodds,2026-10-06T19:09:09.837Z
2026,5,firehose,16739,Bijan Robinson,ATL,RB,vs BAL,receptions,Caesars,4.5,over,161,,0.3831,0.3831,,1,0.4303,0.0471,0.0471,3-5%,projection,,1,main,1,1,100,pending,,,not-found,,,,,,opticodds,2026-10-06T19:09:09.837Z
2026,5,firehose,13556,David Montgomery,HOU,RB,at TEN,rushYds,Hard Rock,64.5,over,250,-375,0.2857,0.2657,0.0752,0,0.3326,0.0469,0.0669,3-5%,pool,,1,thursday,1,1,100,pending,,,not-found,,,,,,opticodds,2026-10-08T20:38:02.473Z
2026,5,firehose,15357,Trevor Lawrence,JAX,QB,vs PHI,rushAtt,DraftKings,5.5,over,381,,0.2079,0.2079,,1,0.2546,0.0467,0.0467,3-5%,pool,,1,thursday,1,1,100,pending,,,not-found,,,,,,opticodds,2026-10-08T20:38:02.473Z
2026,5,firehose,17974,Ryan Flournoy,DAL,WR,vs TB,receptions,Hard Rock,1.5,under,400,-700,0.2000,0.1860,0.0750,0,0.2458,0.0458,0.0598,3-5%,projection,,1,main,1,1,100,pending,,,matched,-0.0152,0.0000,400,1.5,same,opticodds,2026-10-06T19:09:09.837Z
2026,5,firehose,11008,Dak Prescott,DAL,QB,vs TB,passTD,DraftKings,1.5,under,169,-218,0.3717,0.3516,0.0573,0,0.4169,0.0452,0.0653,3-5%,projection,,1,main,1,1,100,pending,,,line-moved,,,-178,2.5,against,opticodds,2026-10-06T19:09:09.837Z
2026,5,firehose,16654,Jaxon Smith-Njigba,SEA,WR,vs SF,recYds,DraftKings,129.5,over,316,,0.2404,0.2404,,1,0.2852,0.0448,0.0448,3-5%,projection,,1,main,1,1,100,pending,,,not-found,,,,,,opticodds,2026-10-06T19:09:09.837Z
2026,5,firehose,11892,George Kittle,SF,TE,at SEA,receptions,DraftKings,6.5,over,344,,0.2252,0.2252,,1,0.2699,0.0447,0.0447,3-5%,projection,,1,main,1,1,100,pending,,,not-found,,,,,,opticodds,2026-10-06T19:09:09.837Z
2026,5,firehose,17673,Drake Maye,NE,QB,vs LV,int,DraftKings,0.5,under,126,-161,0.4425,0.4177,0.0593,0,0.4868,0.0443,0.0691,3-5%,projection,,1,main,1,1,100,pending,,,not-found,,,,,,opticodds,2026-10-06T19:09:09.837Z
2026,5,firehose,18449,Woody Marks,HOU,RB,at TEN,rushAtt,DraftKings,11.5,over,274,,0.2674,0.2674,,1,0.3117,0.0443,0.0443,3-5%,pool,,1,thursday,1,1,100,pending,,,not-found,,,,,,opticodds,2026-10-08T20:38:02.473Z
2026,5,firehose,19298,Denzel Boston,CLE,WR,at NYJ,recYds,Hard Rock,86.5,under,-650,400,0.8667,0.8125,0.0667,0,0.9110,0.0443,0.0985,3-5%,projection,,1,main,1,1,100,pending,,,not-found,,,,,,opticodds,2026-10-06T19:09:09.837Z
2026,5,firehose,11892,George Kittle,SF,TE,at SEA,recYds,Hard Rock,98.5,under,-650,375,0.8667,0.8046,0.0772,0,0.9107,0.0441,0.1062,3-5%,projection,,1,main,1,1,100,pending,,,not-found,,,,,,opticodds,2026-10-06T19:09:09.837Z
2026,5,firehose,12483,Josh Allen,BUF,QB,at LAR,completions,BetRivers,24.5,over,410,,0.1961,0.1961,,1,0.2399,0.0438,0.0438,3-5%,projection,,1,main,1,1,100,pending,,,not-found,,,,,,opticodds,2026-10-06T19:09:09.837Z
2026,5,firehose,14418,J.K. Dobbins,DEN,RB,at LAC,rushAtt,DraftKings,17.5,over,351,,0.2217,0.2217,,1,0.2650,0.0433,0.0433,3-5%,pool,,1,thursday,1,1,100,pending,,,not-found,,,,,,opticodds,2026-10-08T20:38:02.473Z
2026,5,firehose,13517,Jakobi Meyers,JAX,WR,vs PHI,receptions,DraftKings,3.5,under,109,-141,0.4785,0.4499,0.0635,0,0.5206,0.0421,0.0707,3-5%,projection,,1,main,1,1,100,pending,,,not-found,,,,,,opticodds,2026-10-06T19:09:09.837Z
2026,5,firehose,12490,Sam Darnold,SEA,QB,vs SF,passAtt,DraftKings,31.5,over,116,,0.4630,0.4630,,1,0.5027,0.0397,0.0397,3-5%,projection,,1,main,1,1,100,pending,,,not-found,,,,,,opticodds,2026-10-06T19:09:09.837Z
2026,5,firehose,15306,Javonte Williams,DAL,RB,vs TB,receptions,DraftKings,3.5,over,203,,0.3300,0.3300,,1,0.3680,0.0379,0.0379,3-5%,projection,,1,main,1,1,100,pending,,,matched,-0.0054,-0.0162,208,3.5,same,opticodds,2026-10-06T19:09:09.837Z
2026,5,firehose,12490,Sam Darnold,SEA,QB,vs SF,passYds,Hard Rock,164.5,under,450,-850,0.1818,0.1689,0.0766,0,0.2196,0.0378,0.0507,3-5%,projection,,1,main,1,1,100,pending,,,not-found,,,,,,opticodds,2026-10-06T19:09:09.837Z
2026,5,firehose,18524,Bhayshul Tuten,JAX,RB,vs PHI,rushAtt,DraftKings,17.5,over,229,,0.3040,0.3040,,1,0.3412,0.0372,0.0372,3-5%,pool,,1,thursday,1,1,100,pending,,,not-found,,,,,,opticodds,2026-10-08T20:38:02.473Z
2026,5,firehose,19292,Jalon Daniels,TB,QB,at DAL,passAtt,DraftKings,29.5,over,111,,0.4739,0.4739,,1,0.5102,0.0363,0.0363,3-5%,projection,,1,main,1,1,100,pending,,,matched,0.0139,0.0293,105,29.5,same,opticodds,2026-10-06T19:09:09.837Z
2026,5,firehose,15807,Kyren Williams,LAR,RB,vs BUF,rushAtt,DraftKings,15.5,under,-118,-108,0.5413,0.5104,0.0605,0,0.5766,0.0354,0.0662,3-5%,projection,,1,main,1,1,100,pending,,,not-found,,,,,,opticodds,2026-10-06T19:09:09.837Z
2026,5,firehose,17692,Jayden Daniels,WAS,QB,vs NYG,rushAtt,theScore,11.5,over,1400,,0.0667,0.0667,,1,0.1019,0.0352,0.0352,3-5%,pool,,1,thursday,1,1,100,pending,,,not-found,,,,,,opticodds,2026-10-08T20:38:02.473Z
2026,5,firehose,12490,Sam Darnold,SEA,QB,vs SF,completions,BetRivers,24.5,over,430,,0.1887,0.1887,,1,0.2236,0.0349,0.0349,3-5%,projection,,1,main,1,1,100,pending,,,not-found,,,,,,opticodds,2026-10-06T19:09:09.837Z
2026,5,firehose,16933,Chris Rodriguez Jr.,JAX,RB,vs PHI,rushYds,BetRivers,39.5,over,285,,0.2597,0.2597,,1,0.2946,0.0348,0.0348,3-5%,pool,,1,thursday,1,1,100,pending,,,not-found,,,,,,opticodds,2026-10-08T20:38:02.473Z
2026,5,firehose,16790,Puka Nacua,LAR,WR,vs BUF,recYds,BetRivers,129.5,over,320,,0.2381,0.2381,,1,0.2720,0.0339,0.0339,3-5%,projection,,1,main,1,1,100,pending,,,not-found,,,,,,opticodds,2026-10-06T19:09:09.837Z
2026,5,firehose,15947,Jake Ferguson,DAL,TE,vs TB,receptions,DraftKings,1.5,over,-870,,0.8969,0.8969,,1,0.9302,0.0333,0.0333,3-5%,projection,,1,main,1,1,100,pending,,,matched,-0.0219,-0.0244,-700,1.5,same,opticodds,2026-10-06T19:09:09.837Z
2026,5,firehose,19292,Jalon Daniels,TB,QB,at DAL,rushAtt,DraftKings,11.5,over,810,,0.1099,0.1099,,1,0.1432,0.0333,0.0333,3-5%,pool,,1,thursday,1,1,100,pending,,,matched,0.0000,0.0000,810,11.5,same,opticodds,2026-10-08T20:38:02.473Z
2026,5,firehose,13556,David Montgomery,HOU,RB,at TEN,rushAtt,DraftKings,17.5,over,252,,0.2841,0.2841,,1,0.3169,0.0329,0.0329,3-5%,pool,,1,thursday,1,1,100,pending,,,not-found,,,,,,opticodds,2026-10-08T20:38:02.473Z
2026,5,firehose,15907,Brian Robinson Jr.,ATL,RB,vs BAL,rushAtt,theScore,14.5,over,900,,0.1000,0.1000,,1,0.1324,0.0324,0.0324,3-5%,pool,,1,thursday,1,1,100,pending,,,not-found,,,,,,opticodds,2026-10-08T20:38:02.473Z
2026,5,firehose,15807,Kyren Williams,LAR,RB,vs BUF,recYds,BetRivers,39.5,over,430,,0.1887,0.1887,,1,0.2209,0.0322,0.0322,3-5%,pool,,1,thursday,1,1,100,pending,,,not-found,,,,,,opticodds,2026-10-08T20:38:02.473Z
2026,5,firehose,17700,Michael Penix Jr.,ATL,QB,vs BAL,rushYds,DraftKings,9.5,over,521,,0.1610,0.1610,,1,0.1926,0.0316,0.0316,3-5%,pool,,1,thursday,1,1,100,pending,,,not-found,,,,,,opticodds,2026-10-08T20:38:02.473Z
2026,5,firehose,18514,Cam Skattebo,NYG,RB,at WAS,rushAtt,BetRivers,19.5,over,390,,0.2041,0.2041,,1,0.2355,0.0314,0.0314,3-5%,pool,,1,thursday,1,1,100,pending,,,not-found,,,,,,opticodds,2026-10-08T20:38:02.473Z
2026,5,firehose,5971,Matthew Stafford,LAR,QB,vs BUF,rushYds,DraftKings,9.5,over,468,,0.1761,0.1761,,1,0.2075,0.0314,0.0314,3-5%,pool,,1,thursday,1,1,100,pending,,,not-found,,,,,,opticodds,2026-10-08T20:38:02.473Z
2026,5,firehose,15976,Tyler Allgeier,ARI,RB,vs DET,rushYds,Caesars,59.5,over,850,,0.1053,0.1053,,1,0.1361,0.0308,0.0308,3-5%,pool,,1,thursday,1,1,100,pending,,,not-found,,,,,,opticodds,2026-10-08T20:38:02.473Z
2026,5,firehose,18520,Kyle Monangai,CHI,RB,at GB,rushYds,BetRivers,79.5,over,400,,0.2000,0.2000,,1,0.2308,0.0308,0.0308,3-5%,pool,,1,thursday,1,1,100,pending,,,not-found,,,,,,opticodds,2026-10-08T20:38:02.473Z
2026,5,firehose,8057,Kirk Cousins,LV,QB,at NE,passTD,DraftKings,2.5,over,553,,0.1531,0.1531,,1,0.1837,0.0305,0.0305,3-5%,projection,,1,main,1,1,100,pending,,,not-found,,,,,,opticodds,2026-10-06T19:09:09.837Z
