Season,Week,Persona,PlayerID,Name,Team,Pos,Opp,Stat,Book,Line,Side,Odds,OppositeOdds,ImpliedProb,FairProb,Hold,OneSided,OurProb,Edge,ModelEdge,EdgeBucket,PriceModel,Bettable,Slot,StakeUnits,ScaledBy,BankrollBefore,Status,Actual,PnlUnits,ClvStatus,ClvProb,ClvPct,ClosingOdds,ClosingLine,LineMove,Source,CapturedAt
2026,2,shopper,15902,Trey McBride,ARI,TE,vs SEA,receptions,theScore,7.5,over,700,,0.1250,0.1250,,1,0.4462,0.3212,0.3212,15%+,projection,1,opening,1,1,100,won,8,7,matched,0.2386,1.9091,175,7.5,same,opticodds,2026-10-08T15:29:53.135Z
2026,2,shopper,19235,Jeremiyah Love,ARI,RB,vs SEA,receptions,theScore,3.5,over,450,,0.1818,0.1818,,1,0.4842,0.3024,0.3024,15%+,projection,1,opening,1,1,100,lost,3,-1,matched,0.2028,1.1154,160,3.5,same,opticodds,2026-10-08T15:29:53.135Z
2026,2,shopper,17043,Roman Wilson,PIT,WR,at NE,recYds,Hard Rock,26.5,over,175,-250,0.3636,0.3373,0.0779,0,0.6288,0.2651,0.2914,15%+,projection,1,opening,1,1,100,won,28,1.75,line-moved,,,-160,27.5,toward,opticodds,2026-10-08T15:29:53.135Z
2026,2,shopper,18526,Raheim Sanders,CLE,RB,at TB,rushYds,theScore,24.5,over,800,,0.1111,0.1111,,1,0.3672,0.2561,0.2561,15%+,projection,1,opening,1,1,100,lost,4,-1,line-moved,,,1200,29.5,toward,opticodds,2026-10-08T15:29:53.135Z
2026,2,shopper,17690,Blake Corum,LAR,RB,vs NYG,rushAtt,DraftKings,17.5,over,1160,,0.0794,0.0794,,1,0.3330,0.2536,0.2536,15%+,projection,1,closing,1,1,100,lost,12,-1,matched,-0.0089,-0.1127,1320,17.5,same,opticodds,2026-10-08T15:35:04.305Z
2026,2,shopper,11807,Jonnu Smith,GB,TE,at NYJ,receptions,theScore,2.5,over,700,,0.1250,0.1250,,1,0.3742,0.2492,0.2492,15%+,projection,1,opening,1,1,100,pending,,,matched,0.1250,1.0000,300,2.5,same,opticodds,2026-10-08T15:29:53.135Z
2026,2,shopper,10215,Darren Waller,CAR,TE,at ATL,recYds,BetRivers,14.5,over,-120,-112,0.5455,0.5080,0.0738,0,0.7843,0.2389,0.2763,15%+,projection,1,opening,1,1,100,won,33,0.8333,line-moved,,,-117,18.5,toward,opticodds,2026-10-08T15:29:53.135Z
2026,2,shopper,19241,Jonah Coleman,DEN,RB,vs JAX,rushYds,Hard Rock,24.5,over,325,-525,0.2353,0.2188,0.0753,0,0.4708,0.2355,0.2520,15%+,projection,1,opening,1,1,100,won,39,3.25,not-found,,,,,,opticodds,2026-10-08T15:29:53.135Z
2026,2,shopper,15834,Brock Purdy,SF,QB,vs MIA,passAtt,DraftKings,29.5,over,241,100,0.2933,0.3697,-0.2067,0,0.5286,0.2353,0.1589,15%+,projection,1,opening,1,1,100,lost,22,-1,matched,0.1676,0.5714,117,29.5,same,opticodds,2026-10-08T15:29:53.135Z
2026,2,shopper,18517,TreVeyon Henderson,NE,RB,vs PIT,rushAtt,Hard Rock,5.5,over,-325,,0.7647,0.7647,,1,1.0000,0.2353,0.2353,15%+,projection,1,opening,1,1,100,won,16,0.3077,not-found,,,,,,opticodds,2026-10-08T15:29:53.135Z
