Season,Week,PlayerID,Name,Team,Pos,Opp,Stat,Book,Line,Odds,ImpliedProb,OurProb,Edge,EdgeBucket,FlatStakeUnits,KellyStakeUnits,KellyFractionUsed,CapturedAt,Status,Actual,PnlFlatUnits,PnlKellyUnits
2026,1,4307,Aaron Rodgers,PIT,QB,vs ATL,rushYds,draftkings,0.5,101,0.4975,0.9394,0.4419,15%+,1,3.0000,0.0300,2026-09-11T18:12:40.026Z,pending,,,
2026,1,8057,Kirk Cousins,LV,QB,vs MIA,rushYds,circasports,0.5,125,0.4444,0.8689,0.4245,15%+,1,3.0000,0.0300,2026-09-11T18:12:40.026Z,pending,,,
2026,1,10729,Jared Goff,DET,QB,vs NO,rushYds,circasports,0.5,145,0.4082,0.7696,0.3614,15%+,1,3.0000,0.0300,2026-09-11T18:12:40.026Z,pending,,,
2026,1,10215,Darren Waller,CAR,TE,vs CHI,recYds,draftkings,16.5,-113,0.5305,0.8513,0.3208,15%+,1,3.0000,0.0300,2026-09-11T18:12:40.026Z,pending,,,
2026,1,8743,Geno Smith,NYJ,QB,@ TEN,rushYds,betrivers,6.5,-110,0.5238,0.8311,0.3073,15%+,1,3.0000,0.0300,2026-09-11T18:12:40.026Z,pending,,,
2026,1,13894,KaVontae Turpin,DAL,WR,@ NYG,rushYds,fanduel,3.5,-120,0.5455,0.8303,0.2849,15%+,1,3.0000,0.0300,2026-09-11T18:12:40.026Z,pending,,,
2026,1,16807,Bryce Young,CAR,QB,vs CHI,rushYds,circasports,13.5,-110,0.5238,0.7885,0.2647,15%+,1,3.0000,0.0300,2026-09-11T18:12:40.026Z,pending,,,
2026,1,15984,Jaylen Warren,PIT,RB,vs ATL,rushYds,fanduel,41.5,-114,0.5327,0.7963,0.2635,15%+,1,3.0000,0.0300,2026-09-11T18:12:40.026Z,pending,,,
2026,1,17976,Jalen Coker,CAR,WR,vs CHI,recYds,betrivers,38.5,-115,0.5349,0.7897,0.2548,15%+,1,3.0000,0.0300,2026-09-11T18:12:40.026Z,pending,,,
2026,1,10215,Darren Waller,CAR,TE,vs CHI,receptions,draftkings,1.5,-184,0.6479,0.8894,0.2415,15%+,1,3.0000,0.0300,2026-09-11T18:12:40.026Z,pending,,,
2026,1,16795,Kayshon Boutte,HOU,WR,vs BUF,recYds,caesars,25.5,-108,0.5192,0.7576,0.2384,15%+,1,3.0000,0.0300,2026-09-11T18:12:40.026Z,pending,,,
2026,1,15222,Kenny Gainwell,TB,RB,@ CIN,rushYds,thescore,21.5,-105,0.5122,0.7473,0.2351,15%+,1,3.0000,0.0300,2026-09-11T18:12:40.026Z,pending,,,
2026,1,16795,Kayshon Boutte,HOU,WR,vs BUF,receptions,betrivers,2.5,160,0.3846,0.6081,0.2235,15%+,1,3.0000,0.0300,2026-09-11T18:12:40.026Z,pending,,,
2026,1,11008,Dak Prescott,DAL,QB,@ NYG,rushYds,betr,7.5,-110,0.5238,0.7443,0.2205,15%+,1,3.0000,0.0300,2026-09-11T18:12:40.026Z,pending,,,
2026,1,18445,Omarion Hampton,LAC,RB,vs ARI,receptions,betrivers,2.5,130,0.4348,0.6534,0.2187,15%+,1,3.0000,0.0300,2026-09-11T18:12:40.026Z,pending,,,
2026,1,16042,Chig Okonkwo,WAS,TE,@ PHI,receptions,draftkings,2.5,-141,0.5851,0.8009,0.2158,15%+,1,3.0000,0.0300,2026-09-11T18:12:40.026Z,pending,,,
2026,1,15828,Malik Davis,DAL,RB,@ NYG,rushYds,betrivers,13.5,-109,0.5215,0.7312,0.2097,15%+,1,3.0000,0.0300,2026-09-11T18:12:40.026Z,pending,,,
2026,1,16033,Isaiah Likely,NYG,TE,vs DAL,receptions,draftkings,3.5,111,0.4739,0.6822,0.2083,15%+,1,3.0000,0.0300,2026-09-11T18:12:40.026Z,pending,,,
2026,1,16033,Isaiah Likely,NYG,TE,vs DAL,recYds,fanduel,34.5,-114,0.5327,0.7334,0.2007,15%+,1,3.0000,0.0300,2026-09-11T18:12:40.026Z,pending,,,
2026,1,13556,David Montgomery,HOU,RB,vs BUF,receptions,caesars,1.5,-121,0.5475,0.7462,0.1986,15%+,1,3.0000,0.0300,2026-09-11T18:12:40.026Z,pending,,,
2026,1,12860,Dallas Goedert,PHI,TE,vs WAS,recYds,circasports,34.5,-110,0.5238,0.7079,0.1841,15%+,1,3.0000,0.0300,2026-09-11T18:12:40.026Z,pending,,,
2026,1,18520,Kyle Monangai,CHI,RB,@ CAR,receptions,betr,0.5,-250,0.7143,0.8975,0.1832,15%+,1,3.0000,0.0300,2026-09-11T18:12:40.026Z,pending,,,
2026,1,18520,Kyle Monangai,CHI,RB,@ CAR,recYds,caesars,5.5,-115,0.5349,0.7147,0.1798,15%+,1,3.0000,0.0300,2026-09-11T18:12:40.026Z,pending,,,
2026,1,14376,Jauan Jennings,MIN,WR,vs GB,recYds,caesars,22.5,-105,0.5122,0.6920,0.1798,15%+,1,3.0000,0.0300,2026-09-11T18:12:40.026Z,pending,,,
2026,1,13610,T.J. Hockenson,MIN,TE,vs GB,recYds,draftkings,26.5,-109,0.5215,0.6992,0.1776,15%+,1,3.0000,0.0300,2026-09-11T18:12:40.026Z,pending,,,
2026,1,12764,Mike Gesicki,CIN,TE,vs TB,recYds,betrivers,19.5,-114,0.5327,0.7098,0.1771,15%+,1,3.0000,0.0300,2026-09-11T18:12:40.026Z,pending,,,
2026,1,14657,Rico Dowdle,PIT,RB,vs ATL,rushYds,circasports,42.5,-110,0.5238,0.7005,0.1767,15%+,1,3.0000,0.0300,2026-09-11T18:12:40.026Z,pending,,,
2026,1,19279,Kenyon Sadiq,NYJ,TE,@ TEN,recYds,fanduel,12.5,-114,0.5327,0.7093,0.1765,15%+,1,3.0000,0.0300,2026-09-11T18:12:40.026Z,pending,,,
2026,1,15802,Rachaad White,WAS,RB,@ PHI,receptions,betr,2.5,142,0.4132,0.5884,0.1751,15%+,1,3.0000,0.0300,2026-09-11T18:12:40.026Z,pending,,,
2026,1,15404,Jaylen Waddle,DEN,WR,@ KC,recYds,fanduel,53.5,-114,0.5327,0.7050,0.1723,15%+,1,3.0000,0.0300,2026-09-11T18:12:40.026Z,pending,,,
2026,1,15947,Jake Ferguson,DAL,TE,@ NYG,receptions,betr,3.5,-106,0.5146,0.6861,0.1715,15%+,1,3.0000,0.0300,2026-09-11T18:12:40.026Z,pending,,,
2026,1,16919,Zay Flowers,BAL,WR,@ IND,recYds,circasports,63.5,-110,0.5238,0.6944,0.1706,15%+,1,3.0000,0.0300,2026-09-11T18:12:40.026Z,pending,,,
2026,1,14418,J.K. Dobbins,DEN,RB,@ KC,recYds,fanduel,3.5,-114,0.5327,0.7023,0.1696,15%+,1,3.0000,0.0300,2026-09-11T18:12:40.026Z,pending,,,
2026,1,15210,Rashod Bateman,BAL,WR,@ IND,recYds,fanduel,25.5,-114,0.5327,0.7017,0.1690,15%+,1,3.0000,0.0300,2026-09-11T18:12:40.026Z,pending,,,
2026,1,19235,Jeremiyah Love,ARI,RB,@ LAC,receptions,fanduel,2.5,120,0.4545,0.6219,0.1673,15%+,1,3.0000,0.0300,2026-09-11T18:12:40.026Z,pending,,,
2026,1,16965,Andrei Iosivas,CIN,WR,vs TB,recYds,draftkings,14.5,-111,0.5261,0.6931,0.1670,15%+,1,3.0000,0.0300,2026-09-11T18:12:40.026Z,pending,,,
2026,1,12764,Mike Gesicki,CIN,TE,vs TB,receptions,betrivers,2.5,128,0.4386,0.6045,0.1659,15%+,1,3.0000,0.0300,2026-09-11T18:12:40.026Z,pending,,,
2026,1,12507,Saquon Barkley,PHI,RB,vs WAS,recYds,betr,15.5,-104,0.5098,0.6740,0.1642,15%+,1,3.0000,0.0300,2026-09-11T18:12:40.026Z,pending,,,
2026,1,18547,Tetairoa McMillan,CAR,WR,vs CHI,recYds,betrivers,57.5,-113,0.5305,0.6906,0.1601,15%+,1,3.0000,0.0300,2026-09-11T18:12:40.026Z,pending,,,
2026,1,17033,Sam LaPorta,DET,TE,vs NO,receptions,betrivers,4.5,128,0.4386,0.5969,0.1583,15%+,1,3.0000,0.0300,2026-09-11T18:12:40.026Z,pending,,,
2026,1,15976,Tyler Allgeier,ARI,RB,@ LAC,rushYds,fanduel,28.5,-114,0.5327,0.6900,0.1573,15%+,1,3.0000,0.0300,2026-09-11T18:12:40.026Z,pending,,,
2026,1,18503,Gunnar Helm,TEN,TE,vs NYJ,recYds,betrivers,19.5,-118,0.5413,0.6984,0.1571,15%+,1,3.0000,0.0300,2026-09-11T18:12:40.026Z,pending,,,
2026,1,16977,Jayden Reed,GB,WR,@ MIN,receptions,thescore,3.5,100,0.5000,0.6567,0.1567,15%+,1,3.0000,0.0300,2026-09-11T18:12:40.026Z,pending,,,
2026,1,18811,Jacory Croskey-Merritt,WAS,RB,@ PHI,recYds,caesars,6.5,-113,0.5305,0.6868,0.1562,15%+,1,3.0000,0.0300,2026-09-11T18:12:40.026Z,pending,,,
2026,1,15892,Khalil Shakir,BUF,WR,@ HOU,recYds,draftkings,34.5,-114,0.5327,0.6888,0.1561,15%+,1,3.0000,0.0300,2026-09-11T18:12:40.026Z,pending,,,
2026,1,15306,Javonte Williams,DAL,RB,@ NYG,rushYds,thescore,74.5,100,0.5000,0.6553,0.1553,15%+,1,3.0000,0.0300,2026-09-11T18:12:40.026Z,pending,,,
2026,1,14657,Rico Dowdle,PIT,RB,vs ATL,recYds,betrivers,9.5,-117,0.5392,0.6942,0.1551,15%+,1,3.0000,0.0300,2026-09-11T18:12:40.026Z,pending,,,
2026,1,10819,Derrick Henry,BAL,RB,@ IND,recYds,draftkings,6.5,-107,0.5169,0.6718,0.1549,15%+,1,3.0000,0.0300,2026-09-11T18:12:40.026Z,pending,,,
2026,1,18534,Tyler Warren,IND,TE,vs BAL,recYds,fanduel,45.5,-114,0.5327,0.6864,0.1537,15%+,1,3.0000,0.0300,2026-09-11T18:12:40.026Z,pending,,,
2026,1,18522,RJ Harvey,DEN,RB,@ KC,rushYds,draftkings,18.5,-113,0.5305,0.6840,0.1535,15%+,1,3.0000,0.0300,2026-09-11T18:12:40.026Z,pending,,,
2026,1,12559,Mark Andrews,BAL,TE,@ IND,recYds,betrivers,33.5,-117,0.5392,0.6912,0.1521,15%+,1,3.0000,0.0300,2026-09-11T18:12:40.026Z,pending,,,
2026,1,14376,Jauan Jennings,MIN,WR,vs GB,receptions,betrivers,2.5,138,0.4202,0.5704,0.1503,15%+,1,3.0000,0.0300,2026-09-11T18:12:40.026Z,pending,,,
2026,1,18503,Gunnar Helm,TEN,TE,vs NYJ,receptions,caesars,2.5,111,0.4739,0.6222,0.1483,10-15%,1,3.0000,0.0300,2026-09-11T18:12:40.026Z,pending,,,
2026,1,14510,Darnell Mooney,NYG,WR,vs DAL,recYds,caesars,19.5,-112,0.5283,0.6755,0.1472,10-15%,1,3.0000,0.0300,2026-09-11T18:12:40.026Z,pending,,,
2026,1,17784,Bucky Irving,TB,RB,@ CIN,recYds,fanduel,13.5,-114,0.5327,0.6798,0.1471,10-15%,1,3.0000,0.0300,2026-09-11T18:12:40.026Z,pending,,,
2026,1,18555,Jaylin Noel,HOU,WR,vs BUF,recYds,betrivers,13.5,-117,0.5392,0.6857,0.1465,10-15%,1,3.0000,0.0300,2026-09-11T18:12:40.026Z,pending,,,
2026,1,18562,Pat Bryant,DEN,WR,@ KC,recYds,draftkings,23.5,-108,0.5192,0.6654,0.1462,10-15%,1,3.0000,0.0300,2026-09-11T18:12:40.026Z,pending,,,
2026,1,16689,Josh Downs,IND,WR,vs BAL,receptions,betrivers,4.5,143,0.4115,0.5569,0.1454,10-15%,1,3.0000,0.0300,2026-09-11T18:12:40.026Z,pending,,,
2026,1,12559,Mark Andrews,BAL,TE,@ IND,receptions,fanduel,3.5,116,0.4630,0.6082,0.1452,10-15%,1,3.0000,0.0300,2026-09-11T18:12:40.026Z,pending,,,
2026,1,16042,Chig Okonkwo,WAS,TE,@ PHI,recYds,betrivers,24.5,-120,0.5455,0.6900,0.1445,10-15%,1,3.0000,0.0300,2026-09-11T18:12:40.026Z,pending,,,
2026,1,16977,Jayden Reed,GB,WR,@ MIN,recYds,circasports,39.5,-110,0.5238,0.6664,0.1426,10-15%,1,3.0000,0.0300,2026-09-11T18:12:40.026Z,pending,,,
2026,1,18514,Cam Skattebo,NYG,RB,vs DAL,recYds,draftkings,14.5,-115,0.5349,0.6758,0.1409,10-15%,1,3.0000,0.0300,2026-09-11T18:12:40.026Z,pending,,,
2026,1,19313,Malachi Fields,NYG,WR,vs DAL,recYds,draftkings,21.5,-109,0.5215,0.6623,0.1407,10-15%,1,3.0000,0.0300,2026-09-11T18:12:40.026Z,pending,,,
2026,1,13894,KaVontae Turpin,DAL,WR,@ NYG,recYds,draftkings,8.5,-108,0.5192,0.6597,0.1404,10-15%,1,3.0000,0.0300,2026-09-11T18:12:40.026Z,pending,,,
2026,1,13556,David Montgomery,HOU,RB,vs BUF,rushYds,draftkings,54.5,-109,0.5215,0.6596,0.1381,10-15%,1,3.0000,0.0300,2026-09-11T18:12:40.026Z,pending,,,
2026,1,13466,Dawson Knox,BUF,TE,@ HOU,recYds,draftkings,13.5,-109,0.5215,0.6595,0.1380,10-15%,1,3.0000,0.0300,2026-09-11T18:12:40.026Z,pending,,,
2026,1,15459,Noah Gray,KC,TE,vs DEN,receptions,draftkings,1.5,144,0.4098,0.5475,0.1377,10-15%,1,3.0000,0.0300,2026-09-11T18:12:40.026Z,pending,,,
2026,1,17021,Theo Johnson,NYG,TE,vs DAL,recYds,draftkings,13.5,-112,0.5283,0.6656,0.1373,10-15%,1,3.0000,0.0300,2026-09-11T18:12:40.026Z,pending,,,
2026,1,14436,Cole Kmet,CHI,TE,@ CAR,receptions,fanduel,1.5,-122,0.5495,0.6861,0.1365,10-15%,1,3.0000,0.0300,2026-09-11T18:12:40.026Z,pending,,,
2026,1,15265,Kyle Pitts,ATL,TE,@ PIT,recYds,draftkings,38.5,-110,0.5238,0.6595,0.1357,10-15%,1,3.0000,0.0300,2026-09-11T18:12:40.026Z,pending,,,
2026,1,14455,Jonathan Taylor,IND,RB,vs BAL,receptions,betrivers,3.5,150,0.4000,0.5352,0.1352,10-15%,1,3.0000,0.0300,2026-09-11T18:12:40.026Z,pending,,,
2026,1,15868,Drake London,ATL,WR,@ PIT,recYds,hardrock,57.5,-115,0.5349,0.6701,0.1352,10-15%,1,3.0000,0.0300,2026-09-11T18:12:40.026Z,pending,,,
2026,1,13610,T.J. Hockenson,MIN,TE,vs GB,receptions,thescore,3.5,-105,0.5122,0.6461,0.1339,10-15%,1,3.0000,0.0300,2026-09-11T18:12:40.026Z,pending,,,
2026,1,15892,Khalil Shakir,BUF,WR,@ HOU,receptions,betrivers,3.5,-122,0.5495,0.6832,0.1337,10-15%,1,3.0000,0.0300,2026-09-11T18:12:40.026Z,pending,,,
2026,1,15406,DeVonta Smith,PHI,WR,vs WAS,recYds,circasports,66.5,-110,0.5238,0.6575,0.1337,10-15%,1,3.0000,0.0300,2026-09-11T18:12:40.026Z,pending,,,
2026,1,14436,Cole Kmet,CHI,TE,@ CAR,recYds,fanduel,13.5,-114,0.5327,0.6651,0.1324,10-15%,1,3.0000,0.0300,2026-09-11T18:12:40.026Z,pending,,,
2026,1,16689,Josh Downs,IND,WR,vs BAL,recYds,draftkings,44.5,-111,0.5261,0.6579,0.1318,10-15%,1,3.0000,0.0300,2026-09-11T18:12:40.026Z,pending,,,
2026,1,14378,Michael Pittman,PIT,WR,vs ATL,recYds,betrivers,37.5,-118,0.5413,0.6726,0.1313,10-15%,1,3.0000,0.0300,2026-09-11T18:12:40.026Z,pending,,,
2026,1,13590,Tony Pollard,TEN,RB,vs NYJ,recYds,betrivers,8.5,-110,0.5238,0.6540,0.1302,10-15%,1,3.0000,0.0300,2026-09-11T18:12:40.026Z,pending,,,
2026,1,18445,Omarion Hampton,LAC,RB,vs ARI,recYds,fanduel,12.5,-114,0.5327,0.6626,0.1299,10-15%,1,3.0000,0.0300,2026-09-11T18:12:40.026Z,pending,,,
2026,1,14416,Jalen Hurts,PHI,QB,vs WAS,passYds,draftkings,211.5,-112,0.5283,0.6567,0.1284,10-15%,1,3.0000,0.0300,2026-09-11T18:12:40.026Z,pending,,,
2026,1,14455,Jonathan Taylor,IND,RB,vs BAL,recYds,draftkings,17.5,-110,0.5238,0.6520,0.1282,10-15%,1,3.0000,0.0300,2026-09-11T18:12:40.026Z,pending,,,
2026,1,15829,Garrett Wilson,NYJ,WR,@ TEN,anytimeTD,circasports,0.5,260,0.2778,0.4055,0.1277,10-15%,1,3.0000,0.0300,2026-09-11T18:12:40.026Z,pending,,,
2026,1,14657,Rico Dowdle,PIT,RB,vs ATL,receptions,betrivers,1.5,-141,0.5851,0.7110,0.1259,10-15%,1,3.0000,0.0300,2026-09-11T18:12:40.026Z,pending,,,
2026,1,19268,Carnell Tate,TEN,WR,vs NYJ,recYds,circasports,37.5,-110,0.5238,0.6496,0.1258,10-15%,1,3.0000,0.0300,2026-09-11T18:12:40.026Z,pending,,,
2026,1,15210,Rashod Bateman,BAL,WR,@ IND,receptions,betrivers,2.5,175,0.3636,0.4892,0.1256,10-15%,1,3.0000,0.0300,2026-09-11T18:12:40.026Z,pending,,,
2026,1,14510,Darnell Mooney,NYG,WR,vs DAL,receptions,draftkings,1.5,100,0.5000,0.6256,0.1256,10-15%,1,3.0000,0.0300,2026-09-11T18:12:40.026Z,pending,,,
2026,1,15828,Malik Davis,DAL,RB,@ NYG,anytimeTD,fanduel,0.5,800,0.1111,0.2366,0.1255,10-15%,1,3.0000,0.0300,2026-09-11T18:12:40.026Z,pending,,,
2026,1,18514,Cam Skattebo,NYG,RB,vs DAL,receptions,betr,2.5,121,0.4525,0.5769,0.1244,10-15%,1,3.0000,0.0300,2026-09-11T18:12:40.026Z,pending,,,
2026,1,8783,Travis Kelce,KC,TE,vs DEN,receptions,thescore,3.5,-145,0.5918,0.7147,0.1229,10-15%,1,3.0000,0.0300,2026-09-11T18:12:40.026Z,pending,,,
2026,1,17033,Sam LaPorta,DET,TE,vs NO,recYds,betrivers,39.5,-117,0.5392,0.6617,0.1226,10-15%,1,3.0000,0.0300,2026-09-11T18:12:40.026Z,pending,,,
2026,1,17057,Isaiah Davis,NYJ,RB,@ TEN,anytimeTD,fanduel,0.5,1000,0.0909,0.2134,0.1225,10-15%,1,3.0000,0.0300,2026-09-11T18:12:40.026Z,pending,,,
2026,1,13424,DK Metcalf,PIT,WR,vs ATL,recYds,betrivers,46.5,-114,0.5327,0.6544,0.1217,10-15%,1,3.0000,0.0300,2026-09-11T18:12:40.026Z,pending,,,
2026,1,10215,Darren Waller,CAR,TE,vs CHI,anytimeTD,betrivers,0.5,500,0.1667,0.2882,0.1216,10-15%,1,3.0000,0.0300,2026-09-11T18:12:40.026Z,pending,,,
2026,1,17976,Jalen Coker,CAR,WR,vs CHI,receptions,fanduel,3.5,-128,0.5614,0.6829,0.1214,10-15%,1,3.0000,0.0300,2026-09-11T18:12:40.026Z,pending,,,
2026,1,13427,Justice Hill,BAL,RB,@ IND,rushYds,caesars,8.5,-113,0.5305,0.6500,0.1195,10-15%,1,3.0000,0.0300,2026-09-11T18:12:40.026Z,pending,,,
2026,1,16919,Zay Flowers,BAL,WR,@ IND,receptions,draftkings,4.5,-142,0.5868,0.7049,0.1182,10-15%,1,3.0000,0.0300,2026-09-11T18:12:40.026Z,pending,,,
2026,1,17716,Brian Thomas,JAX,WR,vs CLE,recYds,betrivers,36.5,-115,0.5349,0.6530,0.1181,10-15%,1,3.0000,0.0300,2026-09-11T18:12:40.026Z,pending,,,
2026,1,15200,Nico Collins,HOU,WR,vs BUF,recYds,draftkings,66.5,-113,0.5305,0.6466,0.1160,10-15%,1,3.0000,0.0300,2026-09-11T18:12:40.026Z,pending,,,
2026,1,19313,Malachi Fields,NYG,WR,vs DAL,receptions,draftkings,2.5,146,0.4065,0.5223,0.1158,10-15%,1,3.0000,0.0300,2026-09-11T18:12:40.026Z,pending,,,
2026,1,13466,Dawson Knox,BUF,TE,@ HOU,receptions,draftkings,1.5,106,0.4854,0.5977,0.1122,10-15%,1,3.0000,0.0300,2026-09-11T18:12:40.026Z,pending,,,
2026,1,15332,Amon-Ra St. Brown,DET,WR,vs NO,receptions,betrivers,6.5,100,0.5000,0.6117,0.1117,10-15%,1,3.0000,0.0300,2026-09-11T18:12:40.026Z,pending,,,
2026,1,8627,Keenan Allen,IND,WR,vs BAL,recYds,fanduel,26.5,-114,0.5327,0.6428,0.1101,10-15%,1,3.0000,0.0300,2026-09-11T18:12:40.026Z,pending,,,
2026,1,16997,Cam Ward,TEN,QB,vs NYJ,passYds,betrivers,196.5,-115,0.5349,0.6441,0.1093,10-15%,1,3.0000,0.0300,2026-09-11T18:12:40.026Z,pending,,,
2026,1,16886,C.J. Stroud,HOU,QB,vs BUF,rushYds,draftkings,9.5,-111,0.5261,0.6342,0.1082,10-15%,1,3.0000,0.0300,2026-09-11T18:12:40.026Z,pending,,,
2026,1,16899,Quentin Johnston,LAC,WR,vs ARI,recYds,draftkings,42.5,-110,0.5238,0.6320,0.1082,10-15%,1,3.0000,0.0300,2026-09-11T18:12:40.026Z,pending,,,
2026,1,18472,Harold Fannin,CLE,TE,@ JAX,recYds,draftkings,34.5,-111,0.5261,0.6340,0.1079,10-15%,1,3.0000,0.0300,2026-09-11T18:12:40.026Z,pending,,,
2026,1,12514,Dalton Schultz,HOU,TE,vs BUF,recYds,draftkings,31.5,-109,0.5215,0.6282,0.1067,10-15%,1,3.0000,0.0300,2026-09-11T18:12:40.026Z,pending,,,
2026,1,18562,Pat Bryant,DEN,WR,@ KC,receptions,draftkings,2.5,123,0.4484,0.5545,0.1061,10-15%,1,3.0000,0.0300,2026-09-11T18:12:40.026Z,pending,,,
2026,1,11698,Samaje Perine,CIN,RB,vs TB,receptions,betrivers,1.5,143,0.4115,0.5172,0.1057,10-15%,1,3.0000,0.0300,2026-09-11T18:12:40.026Z,pending,,,
2026,1,15459,Noah Gray,KC,TE,vs DEN,recYds,fanduel,9.5,-114,0.5327,0.6372,0.1045,10-15%,1,3.0000,0.0300,2026-09-11T18:12:40.026Z,pending,,,
2026,1,18534,Tyler Warren,IND,TE,vs BAL,receptions,betrivers,4.5,-125,0.5556,0.6597,0.1042,10-15%,1,3.0000,0.0300,2026-09-11T18:12:40.026Z,pending,,,
2026,1,13590,Tony Pollard,TEN,RB,vs NYJ,receptions,betrivers,1.5,-113,0.5305,0.6340,0.1035,10-15%,1,3.0000,0.0300,2026-09-11T18:12:40.026Z,pending,,,
2026,1,15853,George Pickens,DAL,WR,@ NYG,recYds,draftkings,67.5,-111,0.5261,0.6289,0.1028,10-15%,1,3.0000,0.0300,2026-09-11T18:12:40.026Z,pending,,,
2026,1,13517,Jakobi Meyers,JAX,WR,vs CLE,recYds,draftkings,35.5,-113,0.5305,0.6331,0.1026,10-15%,1,3.0000,0.0300,2026-09-11T18:12:40.026Z,pending,,,
2026,1,16658,Dontayvion Wicks,PHI,WR,vs WAS,recYds,fanduel,28.5,-114,0.5327,0.6351,0.1024,10-15%,1,3.0000,0.0300,2026-09-11T18:12:40.026Z,pending,,,
2026,1,14394,D'Andre Swift,CHI,RB,@ CAR,receptions,hardrock,1.5,-170,0.6296,0.7309,0.1012,10-15%,1,3.0000,0.0300,2026-09-11T18:12:40.026Z,pending,,,
2026,1,16661,De'Von Achane,MIA,RB,@ LV,rushYds,betrivers,66.5,-118,0.5413,0.6421,0.1008,10-15%,1,3.0000,0.0300,2026-09-11T18:12:40.026Z,pending,,,
2026,1,16895,Jordan Addison,MIN,WR,vs GB,recYds,circasports,42.5,-110,0.5238,0.6246,0.1008,10-15%,1,3.0000,0.0300,2026-09-11T18:12:40.026Z,pending,,,
2026,1,19231,Makai Lemon,PHI,WR,vs WAS,recYds,draftkings,23.5,-110,0.5238,0.6235,0.0997,5-10%,1,3.0000,0.0300,2026-09-11T18:12:40.026Z,pending,,,
2026,1,15404,Jaylen Waddle,DEN,WR,@ KC,receptions,fanduel,4.5,-114,0.5327,0.6320,0.0993,5-10%,1,3.0000,0.0300,2026-09-11T18:12:40.026Z,pending,,,
2026,1,18574,Jaxson Dart,NYG,QB,vs DAL,passYds,draftkings,211.5,-111,0.5261,0.6248,0.0987,5-10%,1,3.0000,0.0300,2026-09-11T18:12:40.026Z,pending,,,
2026,1,12860,Dallas Goedert,PHI,TE,vs WAS,receptions,draftkings,3.5,-110,0.5238,0.6217,0.0979,5-10%,1,3.0000,0.0300,2026-09-11T18:12:40.026Z,pending,,,
2026,1,12616,Calvin Ridley,TEN,WR,vs NYJ,recYds,draftkings,27.5,-110,0.5238,0.6205,0.0967,5-10%,1,3.0000,0.0300,2026-09-11T18:12:40.026Z,pending,,,
2026,1,11718,Chris Godwin,TB,WR,@ CIN,recYds,circasports,44.5,-110,0.5238,0.6203,0.0965,5-10%,1,3.0000,0.0300,2026-09-11T18:12:40.026Z,pending,,,
2026,1,18460,Colston Loveland,CHI,TE,@ CAR,recYds,fanduel,52.5,-114,0.5327,0.6293,0.0965,5-10%,1,3.0000,0.0300,2026-09-11T18:12:40.026Z,pending,,,
2026,1,17716,Brian Thomas,JAX,WR,vs CLE,receptions,betrivers,3.5,155,0.3922,0.4874,0.0952,5-10%,1,3.0000,0.0300,2026-09-11T18:12:40.026Z,pending,,,
2026,1,18460,Colston Loveland,CHI,TE,@ CAR,receptions,betrivers,4.5,-114,0.5327,0.6279,0.0952,5-10%,1,3.0000,0.0300,2026-09-11T18:12:40.026Z,pending,,,
2026,1,18514,Cam Skattebo,NYG,RB,vs DAL,rushYds,betrivers,47.5,-120,0.5455,0.6405,0.0951,5-10%,1,3.0000,0.0300,2026-09-11T18:12:40.026Z,pending,,,
2026,1,15891,Greg Dulcich,MIA,TE,@ LV,recYds,betr,25.5,-114,0.5327,0.6272,0.0945,5-10%,1,3.0000,0.0300,2026-09-11T18:12:40.026Z,pending,,,
2026,1,13556,David Montgomery,HOU,RB,vs BUF,recYds,thescore,9.5,-135,0.5745,0.6681,0.0936,5-10%,1,3.0000,0.0300,2026-09-11T18:12:40.026Z,pending,,,
2026,1,19279,Kenyon Sadiq,NYJ,TE,@ TEN,receptions,fanduel,1.5,-108,0.5192,0.6126,0.0934,5-10%,1,3.0000,0.0300,2026-09-11T18:12:40.026Z,pending,,,
2026,1,19298,Denzel Boston,CLE,WR,@ JAX,recYds,betrivers,22.5,-118,0.5413,0.6345,0.0932,5-10%,1,3.0000,0.0300,2026-09-11T18:12:40.026Z,pending,,,
2026,1,15802,Rachaad White,WAS,RB,@ PHI,rushYds,draftkings,23.5,-115,0.5349,0.6275,0.0926,5-10%,1,3.0000,0.0300,2026-09-11T18:12:40.026Z,pending,,,
2026,1,16889,Darnell Washington,PIT,TE,vs ATL,recYds,draftkings,15.5,-109,0.5215,0.6141,0.0926,5-10%,1,3.0000,0.0300,2026-09-11T18:12:40.026Z,pending,,,
2026,1,12616,Calvin Ridley,TEN,WR,vs NYJ,anytimeTD,fanduel,0.5,500,0.1667,0.2592,0.0925,5-10%,1,2.7755,0.0278,2026-09-11T18:12:40.026Z,pending,,,
2026,1,15306,Javonte Williams,DAL,RB,@ NYG,receptions,betrivers,2.5,150,0.4000,0.4906,0.0906,5-10%,1,3.0000,0.0300,2026-09-11T18:12:40.026Z,pending,,,
2026,1,17974,Ryan Flournoy,DAL,WR,@ NYG,recYds,draftkings,24.5,-111,0.5261,0.6167,0.0906,5-10%,1,3.0000,0.0300,2026-09-11T18:12:40.026Z,pending,,,
2026,1,16025,Jalen Nailor,LV,WR,vs MIA,recYds,draftkings,37.5,-110,0.5238,0.6140,0.0902,5-10%,1,3.0000,0.0300,2026-09-11T18:12:40.026Z,pending,,,
2026,1,16895,Jordan Addison,MIN,WR,vs GB,anytimeTD,draftkings,0.5,275,0.2667,0.3560,0.0893,5-10%,1,3.0000,0.0300,2026-09-11T18:12:40.026Z,pending,,,
2026,1,18487,Ashton Jeanty,LV,RB,vs MIA,rushYds,circasports,56.5,-110,0.5238,0.6131,0.0892,5-10%,1,3.0000,0.0300,2026-09-11T18:12:40.026Z,pending,,,
2026,1,17692,Jayden Daniels,WAS,QB,@ PHI,passAtt,thescore,29.5,-110,0.5238,0.6125,0.0887,5-10%,1,3.0000,0.0300,2026-09-11T18:12:40.026Z,pending,,,
2026,1,18503,Gunnar Helm,TEN,TE,vs NYJ,anytimeTD,betrivers,0.5,575,0.1481,0.2366,0.0885,5-10%,1,2.5965,0.0260,2026-09-11T18:12:40.026Z,pending,,,
2026,1,11698,Samaje Perine,CIN,RB,vs TB,recYds,betrivers,6.5,-112,0.5283,0.6165,0.0882,5-10%,1,3.0000,0.0300,2026-09-11T18:12:40.026Z,pending,,,
2026,1,18449,Woody Marks,HOU,RB,vs BUF,rushYds,betrivers,28.5,-118,0.5413,0.6285,0.0873,5-10%,1,3.0000,0.0300,2026-09-11T18:12:40.026Z,pending,,,
2026,1,15267,Pat Freiermuth,PIT,TE,vs ATL,receptions,draftkings,2.5,-128,0.5614,0.6487,0.0873,5-10%,1,3.0000,0.0300,2026-09-11T18:12:40.026Z,pending,,,
2026,1,17020,Rome Odunze,CHI,WR,@ CAR,recYds,caesars,42.5,-108,0.5192,0.6064,0.0872,5-10%,1,3.0000,0.0300,2026-09-11T18:12:40.026Z,pending,,,
2026,1,16895,Jordan Addison,MIN,WR,vs GB,receptions,fanduel,3.5,102,0.4950,0.5811,0.0861,5-10%,1,3.0000,0.0300,2026-09-11T18:12:40.026Z,pending,,,
2026,1,12586,Courtland Sutton,DEN,WR,@ KC,recYds,fanduel,42.5,-114,0.5327,0.6175,0.0848,5-10%,1,3.0000,0.0300,2026-09-11T18:12:40.026Z,pending,,,
2026,1,16997,Cam Ward,TEN,QB,vs NYJ,rushYds,betr,8.5,-122,0.5495,0.6343,0.0847,5-10%,1,3.0000,0.0300,2026-09-11T18:12:40.026Z,pending,,,
2026,1,16997,Cam Ward,TEN,QB,vs NYJ,passAtt,caesars,31.5,-109,0.5215,0.6062,0.0846,5-10%,1,3.0000,0.0300,2026-09-11T18:12:40.026Z,pending,,,
2026,1,14506,Tee Higgins,CIN,WR,vs TB,anytimeTD,betrivers,0.5,133,0.4292,0.5132,0.0841,5-10%,1,3.0000,0.0300,2026-09-11T18:12:40.026Z,pending,,,
2026,1,8743,Geno Smith,NYJ,QB,@ TEN,passYds,draftkings,203.5,-112,0.5283,0.6124,0.0841,5-10%,1,3.0000,0.0300,2026-09-11T18:12:40.026Z,pending,,,
2026,1,15891,Greg Dulcich,MIA,TE,@ LV,receptions,draftkings,2.5,-114,0.5327,0.6168,0.0840,5-10%,1,3.0000,0.0300,2026-09-11T18:12:40.026Z,pending,,,
2026,1,16977,Jayden Reed,GB,WR,@ MIN,anytimeTD,draftkings,0.5,330,0.2326,0.3161,0.0836,5-10%,1,2.7227,0.0272,2026-09-11T18:12:40.026Z,pending,,,
2026,1,19235,Jeremiyah Love,ARI,RB,@ LAC,rushYds,caesars,35.5,-112,0.5283,0.6107,0.0824,5-10%,1,3.0000,0.0300,2026-09-11T18:12:40.026Z,pending,,,
2026,1,15838,Wan'Dale Robinson,TEN,WR,vs NYJ,recYds,circasports,41.5,-110,0.5238,0.6060,0.0822,5-10%,1,3.0000,0.0300,2026-09-11T18:12:40.026Z,pending,,,
2026,1,13613,Kyler Murray,MIN,QB,vs GB,rushYds,betr,21.5,-116,0.5370,0.6189,0.0819,5-10%,1,3.0000,0.0300,2026-09-11T18:12:40.026Z,pending,,,
2026,1,16957,Michael Wilson,ARI,WR,@ LAC,recYds,draftkings,40.5,-112,0.5283,0.6100,0.0817,5-10%,1,3.0000,0.0300,2026-09-11T18:12:40.026Z,pending,,,
2026,1,14509,Justin Jefferson,MIN,WR,vs GB,recYds,circasports,73.5,-110,0.5238,0.6047,0.0809,5-10%,1,3.0000,0.0300,2026-09-11T18:12:40.026Z,pending,,,
2026,1,15947,Jake Ferguson,DAL,TE,@ NYG,recYds,betr,28.5,-120,0.5455,0.6254,0.0800,5-10%,1,3.0000,0.0300,2026-09-11T18:12:40.026Z,pending,,,
2026,1,15385,Travis Etienne,NO,RB,@ DET,recYds,fanduel,14.5,-114,0.5327,0.6124,0.0796,5-10%,1,3.0000,0.0300,2026-09-11T18:12:40.026Z,pending,,,
2026,1,18457,Jack Bech,LV,WR,vs MIA,recYds,draftkings,17.5,-111,0.5261,0.6050,0.0789,5-10%,1,3.0000,0.0300,2026-09-11T18:12:40.026Z,pending,,,
2026,1,16025,Jalen Nailor,LV,WR,vs MIA,anytimeTD,thescore,0.5,450,0.1818,0.2592,0.0774,5-10%,1,2.3639,0.0236,2026-09-11T18:12:40.026Z,pending,,,
2026,1,17724,Ladd McConkey,LAC,WR,vs ARI,recYds,betrivers,55.5,-115,0.5349,0.6120,0.0771,5-10%,1,3.0000,0.0300,2026-09-11T18:12:40.026Z,pending,,,
2026,1,18549,Emeka Egbuka,TB,WR,@ CIN,anytimeTD,thescore,0.5,210,0.3226,0.3995,0.0769,5-10%,1,2.8389,0.0284,2026-09-11T18:12:40.026Z,pending,,,
2026,1,16934,Chase Brown,CIN,RB,vs TB,receptions,fanduel,3.5,-108,0.5192,0.5961,0.0769,5-10%,1,3.0000,0.0300,2026-09-11T18:12:40.026Z,pending,,,
2026,1,16036,Daniel Bellinger,TEN,TE,vs NYJ,anytimeTD,betrivers,0.5,1500,0.0625,0.1393,0.0768,5-10%,1,2.0478,0.0205,2026-09-11T18:12:40.026Z,pending,,,
2026,1,18535,Mason Taylor,NYJ,TE,@ TEN,recYds,draftkings,19.5,-115,0.5349,0.6115,0.0766,5-10%,1,3.0000,0.0300,2026-09-11T18:12:40.026Z,pending,,,
2026,1,15267,Pat Freiermuth,PIT,TE,vs ATL,recYds,betrivers,24.5,-112,0.5283,0.6041,0.0758,5-10%,1,3.0000,0.0300,2026-09-11T18:12:40.026Z,pending,,,
2026,1,13536,Terry McLaurin,WAS,WR,@ PHI,recYds,draftkings,49.5,-110,0.5238,0.5996,0.0758,5-10%,1,3.0000,0.0300,2026-09-11T18:12:40.026Z,pending,,,
2026,1,19242,KC Concepcion,CLE,WR,@ JAX,anytimeTD,fanduel,0.5,550,0.1538,0.2289,0.0751,5-10%,1,2.2189,0.0222,2026-09-11T18:12:40.026Z,pending,,,
2026,1,18574,Jaxson Dart,NYG,QB,vs DAL,anytimeTD,mgm,0.5,220,0.3125,0.3874,0.0749,5-10%,1,2.7227,0.0272,2026-09-11T18:12:40.026Z,pending,,,
2026,1,16808,Jahmyr Gibbs,DET,RB,vs NO,receptions,fanduel,4.5,120,0.4545,0.5294,0.0749,5-10%,1,3.0000,0.0300,2026-09-11T18:12:40.026Z,pending,,,
2026,1,18574,Jaxson Dart,NYG,QB,vs DAL,passAtt,caesars,29.5,100,0.5000,0.5748,0.0748,5-10%,1,3.0000,0.0300,2026-09-11T18:12:40.026Z,pending,,,
2026,1,15385,Travis Etienne,NO,RB,@ DET,receptions,fanduel,2.5,-114,0.5327,0.6055,0.0728,5-10%,1,3.0000,0.0300,2026-09-11T18:12:40.026Z,pending,,,
2026,1,14376,Jauan Jennings,MIN,WR,vs GB,anytimeTD,mgm,0.5,380,0.2083,0.2811,0.0727,5-10%,1,2.2971,0.0230,2026-09-11T18:12:40.026Z,pending,,,
2026,1,13556,David Montgomery,HOU,RB,vs BUF,anytimeTD,mgm,0.5,100,0.5000,0.5726,0.0726,5-10%,1,3.0000,0.0300,2026-09-11T18:12:40.026Z,pending,,,
2026,1,19235,Jeremiyah Love,ARI,RB,@ LAC,anytimeTD,draftkings,0.5,200,0.3333,0.4055,0.0721,5-10%,1,2.7055,0.0271,2026-09-11T18:12:40.026Z,pending,,,
2026,1,17747,Jonathon Brooks,CAR,RB,vs CHI,rushYds,fanduel,32.5,-114,0.5327,0.6042,0.0715,5-10%,1,3.0000,0.0300,2026-09-11T18:12:40.026Z,pending,,,
2026,1,12616,Calvin Ridley,TEN,WR,vs NYJ,receptions,draftkings,2.5,146,0.4065,0.4779,0.0713,5-10%,1,3.0000,0.0300,2026-09-11T18:12:40.026Z,pending,,,
2026,1,17020,Rome Odunze,CHI,WR,@ CAR,receptions,caesars,3.5,118,0.4587,0.5295,0.0708,5-10%,1,3.0000,0.0300,2026-09-11T18:12:40.026Z,pending,,,
2026,1,16965,Andrei Iosivas,CIN,WR,vs TB,receptions,draftkings,1.5,-103,0.5074,0.5775,0.0701,5-10%,1,3.0000,0.0300,2026-09-11T18:12:40.026Z,pending,,,
2026,1,14416,Jalen Hurts,PHI,QB,vs WAS,completions,betrivers,19.5,120,0.4545,0.5244,0.0698,5-10%,1,3.0000,0.0300,2026-09-11T18:12:40.026Z,pending,,,
2026,1,18445,Omarion Hampton,LAC,RB,vs ARI,rushYds,circasports,65.5,-110,0.5238,0.5936,0.0698,5-10%,1,3.0000,0.0300,2026-09-11T18:12:40.026Z,pending,,,
2026,1,18522,RJ Harvey,DEN,RB,@ KC,anytimeTD,draftkings,0.5,275,0.2667,0.3363,0.0697,5-10%,1,2.3756,0.0238,2026-09-11T18:12:40.026Z,pending,,,
2026,1,15849,Jameson Williams,DET,WR,vs NO,recYds,circasports,58.5,-110,0.5238,0.5907,0.0669,5-10%,1,3.0000,0.0300,2026-09-11T18:12:40.026Z,pending,,,
2026,1,14509,Justin Jefferson,MIN,WR,vs GB,receptions,betrivers,6.5,138,0.4202,0.4870,0.0668,5-10%,1,2.8813,0.0288,2026-09-11T18:12:40.026Z,pending,,,
2026,1,14506,Tee Higgins,CIN,WR,vs TB,recYds,circasports,60.5,-110,0.5238,0.5893,0.0655,5-10%,1,3.0000,0.0300,2026-09-11T18:12:40.026Z,pending,,,
2026,1,15306,Javonte Williams,DAL,RB,@ NYG,recYds,betr,9.5,-119,0.5434,0.6088,0.0655,5-10%,1,3.0000,0.0300,2026-09-11T18:12:40.026Z,pending,,,
2026,1,17784,Bucky Irving,TB,RB,@ CIN,receptions,betrivers,2.5,150,0.4000,0.4652,0.0652,5-10%,1,2.7176,0.0272,2026-09-11T18:12:40.026Z,pending,,,
2026,1,18642,Isaac TeSlaa,DET,WR,vs NO,recYds,draftkings,17.5,-108,0.5192,0.5843,0.0651,5-10%,1,3.0000,0.0300,2026-09-11T18:12:40.026Z,pending,,,
2026,1,15810,Breece Hall,NYJ,RB,@ TEN,rushYds,circasports,64.5,-110,0.5238,0.5888,0.0650,5-10%,1,3.0000,0.0300,2026-09-11T18:12:40.026Z,pending,,,
2026,1,17695,Caleb Williams,CHI,QB,@ CAR,passAtt,draftkings,32.5,-105,0.5122,0.5769,0.0647,5-10%,1,3.0000,0.0300,2026-09-11T18:12:40.026Z,pending,,,
2026,1,18642,Isaac TeSlaa,DET,WR,vs NO,receptions,draftkings,1.5,106,0.4854,0.5500,0.0646,5-10%,1,3.0000,0.0300,2026-09-11T18:12:40.026Z,pending,,,
2026,1,15868,Drake London,ATL,WR,@ PIT,anytimeTD,fanduel,0.5,250,0.2857,0.3495,0.0638,5-10%,1,2.2322,0.0223,2026-09-11T18:12:40.026Z,pending,,,
2026,1,18472,Harold Fannin,CLE,TE,@ JAX,anytimeTD,draftkings,0.5,360,0.2174,0.2811,0.0637,5-10%,1,2.0344,0.0203,2026-09-11T18:12:40.026Z,pending,,,
2026,1,19298,Denzel Boston,CLE,WR,@ JAX,receptions,betrivers,2.5,125,0.4444,0.5072,0.0628,5-10%,1,2.8251,0.0283,2026-09-11T18:12:40.026Z,pending,,,
2026,1,15332,Amon-Ra St. Brown,DET,WR,vs NO,recYds,draftkings,76.5,-112,0.5283,0.5911,0.0628,5-10%,1,3.0000,0.0300,2026-09-11T18:12:40.026Z,pending,,,
2026,1,19314,Omar Cooper,NYJ,WR,@ TEN,anytimeTD,draftkings,0.5,1200,0.0769,0.1393,0.0624,5-10%,1,1.6892,0.0169,2026-09-11T18:12:40.026Z,pending,,,
2026,1,15200,Nico Collins,HOU,WR,vs BUF,receptions,draftkings,5.5,121,0.4525,0.5146,0.0621,5-10%,1,2.8351,0.0284,2026-09-11T18:12:40.026Z,pending,,,
2026,1,18574,Jaxson Dart,NYG,QB,vs DAL,completions,draftkings,18.5,-115,0.5349,0.5968,0.0619,5-10%,1,3.0000,0.0300,2026-09-11T18:12:40.026Z,pending,,,
2026,1,15872,Malik Willis,MIA,QB,@ LV,completions,betrivers,17.5,100,0.5000,0.5616,0.0616,5-10%,1,3.0000,0.0300,2026-09-11T18:12:40.026Z,pending,,,
2026,1,17974,Ryan Flournoy,DAL,WR,@ NYG,receptions,draftkings,2.5,130,0.4348,0.4959,0.0611,5-10%,1,2.7015,0.0270,2026-09-11T18:12:40.026Z,pending,,,
2026,1,17702,Braelon Allen,NYJ,RB,@ TEN,rushYds,draftkings,16.5,-107,0.5169,0.5778,0.0609,5-10%,1,3.0000,0.0300,2026-09-11T18:12:40.026Z,pending,,,
2026,1,12507,Saquon Barkley,PHI,RB,vs WAS,receptions,betrivers,2.5,105,0.4878,0.5483,0.0605,5-10%,1,2.9506,0.0295,2026-09-11T18:12:40.026Z,pending,,,
2026,1,15406,DeVonta Smith,PHI,WR,vs WAS,receptions,betrivers,5.5,112,0.4717,0.5320,0.0603,5-10%,1,2.8555,0.0286,2026-09-11T18:12:40.026Z,pending,,,
2026,1,17033,Sam LaPorta,DET,TE,vs NO,anytimeTD,draftkings,0.5,200,0.3333,0.3935,0.0601,5-10%,1,2.2551,0.0226,2026-09-11T18:12:40.026Z,pending,,,
2026,1,17668,Adonai Mitchell,NYJ,WR,@ TEN,recYds,betrivers,30.5,-115,0.5349,0.5936,0.0587,5-10%,1,3.0000,0.0300,2026-09-11T18:12:40.026Z,pending,,,
2026,1,15385,Travis Etienne,NO,RB,@ DET,rushYds,betrivers,53.5,-118,0.5413,0.5998,0.0585,5-10%,1,3.0000,0.0300,2026-09-11T18:12:40.026Z,pending,,,
2026,1,12561,Lamar Jackson,BAL,QB,@ IND,passYds,betrivers,213.5,-114,0.5327,0.5911,0.0583,5-10%,1,3.0000,0.0300,2026-09-11T18:12:40.026Z,pending,,,
2026,1,18555,Jaylin Noel,HOU,WR,vs BUF,receptions,fanduel,1.5,-108,0.5192,0.5773,0.0581,5-10%,1,3.0000,0.0300,2026-09-11T18:12:40.026Z,pending,,,
2026,1,12514,Dalton Schultz,HOU,TE,vs BUF,receptions,draftkings,3.5,-114,0.5327,0.5907,0.0580,5-10%,1,3.0000,0.0300,2026-09-11T18:12:40.026Z,pending,,,
2026,1,15946,Christian Watson,GB,WR,@ MIN,recYds,betrivers,53.5,-117,0.5392,0.5967,0.0575,5-10%,1,3.0000,0.0300,2026-09-11T18:12:40.026Z,pending,,,
2026,1,18449,Woody Marks,HOU,RB,vs BUF,anytimeTD,fanduel,0.5,250,0.2857,0.3430,0.0572,5-10%,1,2.0034,0.0200,2026-09-11T18:12:40.026Z,pending,,,
2026,1,18516,Quinshon Judkins,CLE,RB,@ JAX,receptions,fanduel,1.5,-130,0.5652,0.6225,0.0572,5-10%,1,3.0000,0.0300,2026-09-11T18:12:40.026Z,pending,,,
2026,1,13536,Terry McLaurin,WAS,WR,@ PHI,receptions,betrivers,3.5,-148,0.5968,0.6534,0.0567,5-10%,1,3.0000,0.0300,2026-09-11T18:12:40.026Z,pending,,,
2026,1,19230,Ja'Kobi Lane,BAL,WR,@ IND,recYds,fanduel,19.5,-114,0.5327,0.5894,0.0567,5-10%,1,3.0000,0.0300,2026-09-11T18:12:40.026Z,pending,,,
2026,1,17704,Malik Nabers,NYG,WR,vs DAL,receptions,betrivers,5.5,128,0.4386,0.4952,0.0566,5-10%,1,2.5196,0.0252,2026-09-11T18:12:40.026Z,pending,,,
2026,1,11008,Dak Prescott,DAL,QB,@ NYG,passAtt,thescore,33.5,-105,0.5122,0.5686,0.0564,5-10%,1,2.8890,0.0289,2026-09-11T18:12:40.026Z,pending,,,
2026,1,10133,Stefon Diggs,WAS,WR,@ PHI,receptions,betrivers,3.5,-132,0.5690,0.6250,0.0561,5-10%,1,3.0000,0.0300,2026-09-11T18:12:40.026Z,pending,,,
2026,1,17692,Jayden Daniels,WAS,QB,@ PHI,completions,betr,17.5,-104,0.5098,0.5655,0.0557,5-10%,1,2.8422,0.0284,2026-09-11T18:12:40.026Z,pending,,,
2026,1,15902,Trey McBride,ARI,TE,@ LAC,recYds,betrivers,55.5,-114,0.5327,0.5881,0.0554,5-10%,1,2.9642,0.0296,2026-09-11T18:12:40.026Z,pending,,,
2026,1,15849,Jameson Williams,DET,WR,vs NO,receptions,betrivers,4.5,143,0.4115,0.4667,0.0552,5-10%,1,2.3437,0.0234,2026-09-11T18:12:40.026Z,pending,,,
2026,1,17704,Malik Nabers,NYG,WR,vs DAL,recYds,draftkings,59.5,-109,0.5215,0.5767,0.0551,5-10%,1,2.8808,0.0288,2026-09-11T18:12:40.026Z,pending,,,
2026,1,18522,RJ Harvey,DEN,RB,@ KC,receptions,draftkings,2.5,-102,0.5050,0.5598,0.0549,5-10%,1,2.7718,0.0277,2026-09-11T18:12:40.026Z,pending,,,
2026,1,14446,Justin Herbert,LAC,QB,vs ARI,passAtt,caesars,29.5,-117,0.5392,0.5932,0.0540,5-10%,1,2.9301,0.0293,2026-09-11T18:12:40.026Z,pending,,,
2026,1,11847,Kendrick Bourne,ARI,WR,@ LAC,recYds,thescore,19.5,100,0.5000,0.5534,0.0534,5-10%,1,2.6680,0.0267,2026-09-11T18:12:40.026Z,pending,,,
2026,1,17695,Caleb Williams,CHI,QB,@ CAR,completions,thescore,20.5,105,0.4878,0.5410,0.0532,5-10%,1,2.5955,0.0260,2026-09-11T18:12:40.026Z,pending,,,
2026,1,18522,RJ Harvey,DEN,RB,@ KC,recYds,betrivers,15.5,-112,0.5283,0.5808,0.0525,5-10%,1,2.7799,0.0278,2026-09-11T18:12:40.026Z,pending,,,
2026,1,17976,Jalen Coker,CAR,WR,vs CHI,anytimeTD,draftkings,0.5,300,0.2500,0.3023,0.0523,5-10%,1,1.7441,0.0174,2026-09-11T18:12:40.026Z,pending,,,
2026,1,17975,Devaughn Vele,NO,WR,@ DET,anytimeTD,draftkings,0.5,400,0.2000,0.2517,0.0517,5-10%,1,1.6168,0.0162,2026-09-11T18:12:40.026Z,pending,,,
2026,1,15902,Trey McBride,ARI,TE,@ LAC,receptions,thescore,5.5,-155,0.6078,0.6593,0.0515,5-10%,1,3.0000,0.0300,2026-09-11T18:12:40.026Z,pending,,,
2026,1,19235,Jeremiyah Love,ARI,RB,@ LAC,recYds,draftkings,15.5,-108,0.5192,0.5696,0.0504,5-10%,1,2.6189,0.0262,2026-09-11T18:12:40.026Z,pending,,,
2026,1,17784,Bucky Irving,TB,RB,@ CIN,rushYds,betrivers,57.5,-113,0.5305,0.5803,0.0498,3-5%,1,2.6500,0.0265,2026-09-11T18:12:40.026Z,pending,,,
2026,1,14455,Jonathan Taylor,IND,RB,vs BAL,rushYds,draftkings,75.5,-114,0.5327,0.5821,0.0494,3-5%,1,2.6422,0.0264,2026-09-11T18:12:40.026Z,pending,,,
2026,1,15838,Wan'Dale Robinson,TEN,WR,vs NYJ,anytimeTD,fanduel,0.5,360,0.2174,0.2666,0.0492,3-5%,1,1.5704,0.0157,2026-09-11T18:12:40.026Z,pending,,,
2026,1,11763,Aaron Jones,MIN,RB,vs GB,rushYds,draftkings,29.5,-108,0.5192,0.5684,0.0492,3-5%,1,2.5567,0.0256,2026-09-11T18:12:40.026Z,pending,,,
2026,1,13613,Kyler Murray,MIN,QB,vs GB,passAtt,draftkings,31.5,100,0.5000,0.5491,0.0491,3-5%,1,2.4567,0.0246,2026-09-11T18:12:40.026Z,pending,,,
2026,1,15332,Amon-Ra St. Brown,DET,WR,vs NO,anytimeTD,mgm,0.5,115,0.4651,0.5132,0.0481,3-5%,1,2.2496,0.0225,2026-09-11T18:12:40.026Z,pending,,,
2026,1,19313,Malachi Fields,NYG,WR,vs DAL,anytimeTD,betrivers,0.5,475,0.1739,0.2212,0.0473,3-5%,1,1.4310,0.0143,2026-09-11T18:12:40.026Z,pending,,,
2026,1,8057,Kirk Cousins,LV,QB,vs MIA,passYds,circasports,207.5,-110,0.5238,0.5711,0.0473,3-5%,1,2.4815,0.0248,2026-09-11T18:12:40.026Z,pending,,,
2026,1,17795,MarShawn Lloyd,GB,RB,@ MIN,receptions,caesars,1.5,-154,0.6063,0.6536,0.0473,3-5%,1,3.0000,0.0300,2026-09-11T18:12:40.026Z,pending,,,
2026,1,16728,Sean Tucker,TB,RB,@ CIN,anytimeTD,thescore,0.5,450,0.1818,0.2289,0.0471,3-5%,1,1.4401,0.0144,2026-09-11T18:12:40.026Z,pending,,,
2026,1,16032,Cade Otton,TB,TE,@ CIN,recYds,draftkings,30.5,-109,0.5215,0.5679,0.0464,3-5%,1,2.4246,0.0242,2026-09-11T18:12:40.026Z,pending,,,
2026,1,13517,Jakobi Meyers,JAX,WR,vs CLE,receptions,draftkings,3.5,-103,0.5074,0.5533,0.0459,3-5%,1,2.3316,0.0233,2026-09-11T18:12:40.026Z,pending,,,
2026,1,14630,Juwan Johnson,NO,TE,@ DET,receptions,draftkings,4.5,125,0.4444,0.4903,0.0458,3-5%,1,2.0624,0.0206,2026-09-11T18:12:40.026Z,pending,,,
2026,1,18524,Bhayshul Tuten,JAX,RB,vs CLE,anytimeTD,circasports,0.5,150,0.4000,0.4457,0.0457,3-5%,1,1.9030,0.0190,2026-09-11T18:12:40.026Z,pending,,,
2026,1,10729,Jared Goff,DET,QB,vs NO,passAtt,caesars,33.5,-104,0.5098,0.5547,0.0449,3-5%,1,2.2879,0.0229,2026-09-11T18:12:40.026Z,pending,,,
2026,1,13491,Daniel Jones,IND,QB,vs BAL,passAtt,thescore,32.5,-105,0.5122,0.5567,0.0445,3-5%,1,2.2808,0.0228,2026-09-11T18:12:40.026Z,pending,,,
2026,1,14541,Adam Trautman,DEN,TE,@ KC,receptions,hardrock,0.5,-240,0.7059,0.7500,0.0441,3-5%,1,3.0000,0.0300,2026-09-11T18:12:40.026Z,pending,,,
2026,1,17695,Caleb Williams,CHI,QB,@ CAR,passYds,thescore,229.5,-105,0.5122,0.5554,0.0432,3-5%,1,2.2120,0.0221,2026-09-11T18:12:40.026Z,pending,,,
2026,1,15876,James Cook,BUF,RB,@ HOU,anytimeTD,fanduel,0.5,-105,0.5122,0.5551,0.0429,3-5%,1,2.2010,0.0220,2026-09-11T18:12:40.026Z,pending,,,
2026,1,14416,Jalen Hurts,PHI,QB,vs WAS,rushYds,circasports,28.5,-110,0.5238,0.5665,0.0427,3-5%,1,2.2392,0.0224,2026-09-11T18:12:40.026Z,pending,,,
2026,1,15829,Garrett Wilson,NYJ,WR,@ TEN,recYds,caesars,60.5,-113,0.5305,0.5732,0.0427,3-5%,1,2.2736,0.0227,2026-09-11T18:12:40.026Z,pending,,,
2026,1,15984,Jaylen Warren,PIT,RB,vs ATL,recYds,draftkings,17.5,-109,0.5215,0.5642,0.0426,3-5%,1,2.2284,0.0223,2026-09-11T18:12:40.026Z,pending,,,
2026,1,16069,John Metchie,CAR,WR,vs CHI,anytimeTD,mgm,0.5,1150,0.0800,0.1219,0.0419,3-5%,1,1.1387,0.0114,2026-09-11T18:12:40.026Z,pending,,,
2026,1,19268,Carnell Tate,TEN,WR,vs NYJ,receptions,betrivers,3.5,120,0.4545,0.4962,0.0416,3-5%,1,1.9084,0.0191,2026-09-11T18:12:40.026Z,pending,,,
2026,1,16795,Kayshon Boutte,HOU,WR,vs BUF,anytimeTD,mgm,0.5,390,0.2041,0.2442,0.0401,3-5%,1,1.2606,0.0126,2026-09-11T18:12:40.026Z,pending,,,
2026,1,19300,Mike Washington,LV,RB,vs MIA,anytimeTD,draftkings,0.5,390,0.2041,0.2442,0.0401,3-5%,1,1.2606,0.0126,2026-09-11T18:12:40.026Z,pending,,,
2026,1,15850,Jahan Dotson,ATL,WR,@ PIT,recYds,thescore,19.5,110,0.4762,0.5159,0.0398,3-5%,1,1.8975,0.0190,2026-09-11T18:12:40.026Z,pending,,,
2026,1,16658,Dontayvion Wicks,PHI,WR,vs WAS,anytimeTD,mgm,0.5,340,0.2273,0.2666,0.0393,3-5%,1,1.2708,0.0127,2026-09-11T18:12:40.026Z,pending,,,
2026,1,18535,Mason Taylor,NYJ,TE,@ TEN,receptions,fanduel,2.5,106,0.4854,0.5244,0.0390,3-5%,1,1.8953,0.0190,2026-09-11T18:12:40.026Z,pending,,,
2026,1,15946,Christian Watson,GB,WR,@ MIN,anytimeTD,draftkings,0.5,215,0.3175,0.3560,0.0385,3-5%,1,1.4103,0.0141,2026-09-11T18:12:40.026Z,pending,,,
2026,1,12561,Lamar Jackson,BAL,QB,@ IND,completions,draftkings,18.5,104,0.4902,0.5278,0.0376,3-5%,1,1.8461,0.0185,2026-09-11T18:12:40.026Z,pending,,,
2026,1,19242,KC Concepcion,CLE,WR,@ JAX,recYds,draftkings,33.5,-110,0.5238,0.5613,0.0375,3-5%,1,1.9679,0.0197,2026-09-11T18:12:40.026Z,pending,,,
2026,1,17021,Theo Johnson,NYG,TE,vs DAL,receptions,fanduel,1.5,-112,0.5283,0.5655,0.0372,3-5%,1,1.9704,0.0197,2026-09-11T18:12:40.026Z,pending,,,
2026,1,18514,Cam Skattebo,NYG,RB,vs DAL,anytimeTD,thescore,0.5,110,0.4762,0.5132,0.0371,3-5%,1,1.7686,0.0177,2026-09-11T18:12:40.026Z,pending,,,
2026,1,13424,DK Metcalf,PIT,WR,vs ATL,anytimeTD,mgm,0.5,190,0.3448,0.3812,0.0364,3-5%,1,1.3885,0.0139,2026-09-11T18:12:40.026Z,pending,,,
2026,1,15849,Jameson Williams,DET,WR,vs NO,anytimeTD,draftkings,0.5,180,0.3571,0.3935,0.0363,3-5%,1,1.4127,0.0141,2026-09-11T18:12:40.026Z,pending,,,
2026,1,8743,Geno Smith,NYJ,QB,@ TEN,anytimeTD,fanduel,0.5,1200,0.0769,0.1131,0.0362,3-5%,1,0.9792,0.0098,2026-09-11T18:12:40.026Z,pending,,,
2026,1,16941,Tyjae Spears,TEN,RB,vs NYJ,rushYds,fanduel,22.5,-114,0.5327,0.5686,0.0359,3-5%,1,1.9214,0.0192,2026-09-11T18:12:40.026Z,pending,,,
2026,1,16694,Tre Tucker,LV,WR,vs MIA,anytimeTD,thescore,0.5,275,0.2667,0.3023,0.0357,3-5%,1,1.2156,0.0122,2026-09-11T18:12:40.026Z,pending,,,
2026,1,13427,Justice Hill,BAL,RB,@ IND,anytimeTD,draftkings,0.5,550,0.1538,0.1894,0.0356,3-5%,1,1.0509,0.0105,2026-09-11T18:12:40.026Z,pending,,,
2026,1,18472,Harold Fannin,CLE,TE,@ JAX,receptions,betr,4.5,127,0.4405,0.4758,0.0353,3-5%,1,1.5754,0.0158,2026-09-11T18:12:40.026Z,pending,,,
2026,1,16899,Quentin Johnston,LAC,WR,vs ARI,receptions,fanduel,3.5,116,0.4630,0.4981,0.0352,3-5%,1,1.6371,0.0164,2026-09-11T18:12:40.026Z,pending,,,
2026,1,14442,Joe Burrow,CIN,QB,vs TB,passAtt,draftkings,34.5,-117,0.5392,0.5742,0.0351,3-5%,1,1.9017,0.0190,2026-09-11T18:12:40.026Z,pending,,,
2026,1,16997,Cam Ward,TEN,QB,vs NYJ,completions,caesars,19.5,-115,0.5349,0.5697,0.0348,3-5%,1,1.8707,0.0187,2026-09-11T18:12:40.026Z,pending,,,
2026,1,16163,Jordan Mason,MIN,RB,vs GB,rushYds,circasports,43.5,-110,0.5238,0.5583,0.0344,3-5%,1,1.8083,0.0181,2026-09-11T18:12:40.026Z,pending,,,
2026,1,18449,Woody Marks,HOU,RB,vs BUF,recYds,draftkings,8.5,-116,0.5370,0.5713,0.0343,3-5%,1,1.8512,0.0185,2026-09-11T18:12:40.026Z,pending,,,
2026,1,16705,Tank Bigsby,PHI,RB,vs WAS,anytimeTD,betrivers,0.5,510,0.1639,0.1975,0.0335,3-5%,1,1.0031,0.0100,2026-09-11T18:12:40.026Z,pending,,,
2026,1,15984,Jaylen Warren,PIT,RB,vs ATL,receptions,draftkings,2.5,-128,0.5614,0.5949,0.0335,3-5%,1,1.9072,0.0191,2026-09-11T18:12:40.026Z,pending,,,
2026,1,8057,Kirk Cousins,LV,QB,vs MIA,anytimeTD,betrivers,0.5,2800,0.0345,0.0676,0.0331,3-5%,1,0.8577,0.0086,2026-09-11T18:12:40.026Z,pending,,,
2026,1,12477,DJ Moore,BUF,WR,@ HOU,receptions,betrivers,3.5,-122,0.5495,0.5820,0.0325,3-5%,1,1.8035,0.0180,2026-09-11T18:12:40.026Z,pending,,,
2026,1,10133,Stefon Diggs,WAS,WR,@ PHI,recYds,draftkings,40.5,-111,0.5261,0.5580,0.0320,3-5%,1,1.6862,0.0169,2026-09-11T18:12:40.026Z,pending,,,
2026,1,11718,Chris Godwin,TB,WR,@ CIN,anytimeTD,circasports,0.5,260,0.2778,0.3093,0.0315,3-5%,1,1.0900,0.0109,2026-09-11T18:12:40.026Z,pending,,,
2026,1,12619,Baker Mayfield,TB,QB,@ CIN,passYds,circasports,229.5,-110,0.5238,0.5553,0.0315,3-5%,1,1.6529,0.0165,2026-09-11T18:12:40.026Z,pending,,,
2026,1,18457,Jack Bech,LV,WR,vs MIA,anytimeTD,draftkings,0.5,700,0.1250,0.1563,0.0313,3-5%,1,0.8953,0.0090,2026-09-11T18:12:40.026Z,pending,,,
2026,1,17975,Devaughn Vele,NO,WR,@ DET,receptions,draftkings,3.5,100,0.5000,0.5313,0.0313,3-5%,1,1.5653,0.0157,2026-09-11T18:12:40.026Z,pending,,,
2026,1,16886,C.J. Stroud,HOU,QB,vs BUF,anytimeTD,circasports,0.5,1000,0.0909,0.1219,0.0310,3-5%,1,0.8524,0.0085,2026-09-11T18:12:40.026Z,pending,,,
2026,1,13833,Olamide Zaccheaus,ATL,WR,@ PIT,anytimeTD,betrivers,0.5,1000,0.0909,0.1219,0.0310,3-5%,1,0.8524,0.0085,2026-09-11T18:12:40.026Z,pending,,,
2026,1,19231,Makai Lemon,PHI,WR,vs WAS,receptions,betrivers,2.5,128,0.4386,0.4692,0.0306,3-5%,1,1.3642,0.0136,2026-09-11T18:12:40.026Z,pending,,,
2026,1,15406,DeVonta Smith,PHI,WR,vs WAS,anytimeTD,fanduel,0.5,180,0.3571,0.3874,0.0302,3-5%,1,1.1756,0.0118,2026-09-11T18:12:40.026Z,pending,,,
2026,1,18641,Chimere Dike,TEN,WR,vs NYJ,anytimeTD,mgm,0.5,1250,0.0741,0.1042,0.0301,3-5%,1,0.8125,0.0081,2026-09-11T18:12:40.026Z,pending,,,
